stem,name,kind,size,game,hubs,area,faces,maps,floor,wall,ceiling,entities,scale,tiles,light,light_lo,light_hi,beside,corner,anim,view,view_rank,view_map,view_close,view_wide,view_hit
#lava000,*lava000,liquid,64x64,data1 portals,mazaera cathedral septimus deathmatch other blackmarsh,11527072,488,meso2:3852612 meso9:1376256 meso8:999424 castle5:932528 romeric3:753664 ravdm5:741806 meso1:736256 meso5:655360 romeric4:358400 meso6:357504 castle4:311296 ravdm1:295422 monsters:122880 village2:15360 village3:13696 romeric1:4608,50,0,50,,1,4x5,,,,rtex103:1392 rtex422~cba5:12,mtex458:35840 rtex045:26959 rtex422~cba5:23872 rtex274:23758 rtex439~2bcd:20352 rtex336:17819,,ok,1,meso2,-28 1068 34 55 0,-155 1068 214 55 0,
#lava001,*lava001,liquid,64x64,data1,mazaera,2142405,140,meso2:1449472 meso8:692933,44,11,44,,1,3x2.9,,,,,rtex274:27212 rtex008:20212 rtex278:3496 rtex119:2944 rtex277:1472 rtex103:1280,,ok,1,meso2,1037 2138 114 55 0,999 2138 168 55 0,
#lowlight~a060,*lowlight,liquid,64x64,data1 portals,blackmarsh thysis keep septimus cathedral mazaera other deathmatch,20688918,1210,egypt4:2929178 village5:2277376 cath:2038486 meso3:1750959 demo1:1732412 keep1:1685036 demo2:1505192 romeric1:1149952 demo3:982352 monsters:917842 keep5:741376 romeric2:688128 keep2:638302 romeric7:596992 egypt5:591066 village4:254622 ravdm1:131072 rider1a:73728 village3:4848,50,0,50,static:3.6,1,3.6x3.4,,,,rtex066:344 rtex337:256 rtex028:239 rtex406:128 rtex306:64 rtex005:24,rtex337:61344 rtex073:48972 rtex100:29200 rtex449:26715 rtex066:22128 rtex413~5d51:22068,,ok,1,egypt4,-657 3278 -226 55 0,-607 3114 -64 55 90,
#lowlight~ab4c,*lowlight,liquid,64x64,portals,tulku,766485,134,tibet8:287744 tibet2:277105 tibet7:117125 tibet1:84511,49,3,49,,1,3.5x2,,,,ttex192:761 ttex207:320 ttex016:272 ttex074:105 rpal358:80 rpal359:80,ttex272:9344 ttex271:5888 ttex192:5136 ttex255:4777 ttex024:2780 ttex089:2665,,ok,1,tibet8,-1586 -2373 -318 55 0,-1662 -2373 -210 55 0,
#rtex078,*rtex078,liquid,64x64,data1 portals,septimus keep blackmarsh deathmatch mazaera,4834112,258,romeric4:1567232 romeric3:1474682 keep5:1318726 ravdm1:157696 village2:131072 demo1:85376 meso2:66560 meso6:32768,50,0,50,,1,3x3.6,,,,rtex421~15b9:1184 rtex077:304,rtex416~f60c:19456 rtex422~cba5:18434 rtex165:9449 rtex008:9344 rtex488:7498 rtex427~cc5e:6144,,ok,1,romeric4,1042 70 -246 55 0,1004 70 -192 55 0,
#rtex153,*rtex153,liquid,64x64,data1,cathedral,1903765,194,castle4:1894421 tower:9344,50,0,50,,1,2.1x2.2,,,,rtex072:144 rtex003:112,rtex003:21817 rtex095:10144 rtex022:5120 rtex005:3183 rtex009:2753 rtex001:1551,,ok,1,castle4,1132 411 -70 55 0,1094 411 -16 55 0,
#rtex345,*rtex345,liquid,64x64,data1,blackmarsh,121408,12,village2:121408,0,100,0,,1,0.75x3.1,,,,,rtex415~c6aa:5342,,ok,1,village2,2808 -2114 600 0 90,2808 -2332 600 0 90,
#rtex346,*rtex346,liquid,64x64,data1,blackmarsh,73984,10,demo3:38912 demo1:35072,50,0,50,,1,1x2.2,,,,,rtex120:2560 rtex103:1929,,ok,1,demo3,3715 45 118 -55 89,3715 45 118 -55 89,
#rtex386,*rtex386,liquid,64x64,data1,thysis,397811,128,egypt1:119347 egypt4:79565 egypt2:39782 egypt6:39782 egypt5:39782 egypt7:39782 egypt3:39769,0,100,0,,1,1.5x1.6,,,,,rtex358~7b4d:24709 rtex384~4b5a:6289 rtex282:42,,ok,1,egypt1,1687 -1172 256 0 0,1578 -1172 256 0 0,
#rtex396,*rtex396,liquid,64x64,data1,thysis,228509,25,egypt5:148944 egypt2:39782 egypt3:39782,65,35,0,,1,10x3.6,,,,,rtex384~4b5a:3104 rtex385:3104 rtex360~cf6b:1284 rtex337:464,,ok,1,egypt5,-2036 -1332 -798 55 0,-2162 -1332 -618 55 0,
#skulls,*skulls,liquid,64x64,data1 portals,deathmatch blackmarsh septimus mazaera cathedral keep,442914,74,ravdm2:163840 rider1a:60928 village2:36116 romeric1:32768 romeric5:32768 meso8:27918 meso9:20480 romeric6:20480 eidolon:19968 castle5:15360 keep1:12288,11,79,11,,1,1.4x1.5,,,,rtex008:3584,rtex008:16768 rtex099:3391 mtex501:2304 rtex028:2304 rtex120:2048 rtex031:1789,,ok,1,ravdm2,731 768 -2 0 0,656 708 -2 0 30,
#skullwarp,*skullwarp,liquid,64x64,data1,mazaera thysis,121702,14,rider2c:81920 egypt1:39782,34,33,34,,1,4x3,,,,,rtex358~7b4d:3104 rtex102:2984,,ok,1,rider2c,1369 3104 337 55 0,1338 3104 381 55 0,
+0air,+0air,world,48x48,data1,septimus,2304,1,romeric4:2304,0,100,0,button:100,1,1,47,47,47,,rtex028:192,+0air +aair,ok,1,romeric4,-320 160 -202 0 90,-320 88 -202 0 90,
+0cros0,+0cros0,world,64x64,portals,keep,8192,2,keep2:4096 keep5:4096,0,100,0,button:50,1,1,75,57,92,rtex450:128,rtex003:256 rtex450:128,+0cros0 +acros0,ok,1,keep2,944 -608 334 0 180,1016 -608 334 0 180,
+0eye,+0eye,world,48x48,data1,thysis,66720,56,egypt2:64128 egypt1:2304 egypt6:288,37,26,37,button:100,1x1.1,1,38,0,111,,rtex385:192 rtex028:68,+0eye +aeye,ok,1,egypt1,1840 3798 -26 0 120,1876 3736 -26 0 120,
+0fire,+0fire,world,48x48,data1,septimus,2304,1,romeric4:2304,0,100,0,button:100,1,1,47,47,47,,rtex028:192,+0fire +afire,ok,1,romeric4,64 160 -202 0 90,64 88 -202 0 90,
+0oil03,+0oil03,world,96x96,portals,keep,24576,2,keep1:24576,50,0,50,,1,1.3x1,66,0,131,,rtex121:512 rtex059:384,+0oil03 +1oil03 +2oil03 +3oil03,ok,1,keep1,1317 -1512 207 55 0,1277 -1603 317 55 45,
+0pen,+0pen,world,48x48,,,0,0,,,,,,,,,,,,,+0pen +apen,frame,,,,,
+0pyr,+0pyr,world,48x48,data1,blackmarsh,11600,7,demo1:11024 demo2:576,0,100,0,button:100,1,1,40,0,82,,rtex028:880 rtex030:128 rtex121:96,+0pyr +apyr,ok,1,demo1,312 -1290 -226 0 90,312 -1362 -226 0 90,
+0rtex4,+0rtex4,world,64x64,portals,tulku,88960,23,tibet1:32768 tibet2:29568 tibet5:16384 tibet4:6144 tibet6:4096,0,100,0,,1,1,98,64,156,ttex188:128,ttex087:1408 ttex134:1180 ttex013:1024 ttex037:768 ttex089:448 ttex269:384,+0rtex4 +1rtex4 +2rtex4 +3rtex4 +4rtex4,ok,1,tibet1,1896 -32 2 0 180,1968 -32 2 0 180,
+0rtex5,+0rtex5,world,32x32,portals,tulku,25600,25,tibet5:10240 tibet4:4096 tibet8:4096 tibet3:3072 tibet6:2048 tibet9:2048,0,100,0,,1,1,91,49,131,,ttex013:2048 ttex053:768 ttex020:384,+0rtex5 +1rtex5 +2rtex5 +3rtex5 +4rtex5 +5rtex5,ok,1,tibet5,232 -338 -162 0 120,246 -363 -162 0 120,
+0rtex6,+0rtex6,world,32x32,portals,keep,18558,18,keep1:4222 keep2:4096 keep3:4096 keep5:4096 keep4:2048,0,100,0,,1,1,81,36,117,,rtex103:768 rtex104:520 rtex099:512 rtex102:512,+0rtex6 +1rtex6 +2rtex6 +3rtex6 +4rtex6 +5rtex6,ok,1,keep1,-2848 877 466 -14 90,-2848 808 449 -14 90,
+0rune1,+0rune1,world,64x64,data1 portals,other cathedral blackmarsh keep,856180,249,thomas:385024 eidolon:319203 demo1:88925 village2:44800 keep1:17459 demo3:768,5,94,1,door:9.9 breakable:6.8,1,0.75x1,52,0,115,rtex020:912 +0rune2:538,rtex009:13696 rtex388~6280:2560 rtex040:2484 rtex103:1861 rtex008:1437 rtex459~e725:1408,+0rune1 +1rune1 +2rune1 +3rune1 +4rune1,ok,1,thomas,173 3320 71 55 0,96 3320 181 55 0,
+0rune2,+0rune2,world,64x64,data1,blackmarsh cathedral,37888,14,demo1:25600 eidolon:12288,70,27,3,,1.3,1.8x0.68,104,52,128,+0rune1:538,rtex103:924 rtex003:512,+0rune2 +1rune2 +2rune2 +3rune2 +4rune2,ok,1,demo1,-1509 2497 -509 55 0,-1581 2497 -406 55 0,
+0skbt0,+0skbt0,world,64x64,portals,keep,8192,5,keep1:4096 keep4:2048 keep5:2048,0,100,0,button:100,0.5,1,77,48,95,,rtex030:384 rtex102:256 rtex040:128,+0skbt0 +askbt0,ok,5,keep4,46 -920 -226 0 30,-16 -956 -226 0 30,wide: instance 19 models/anglstat.mdl triangle 378: anglstat.mdl_0
+0steam,+0steam,world,48x48,data1,septimus,2304,1,romeric4:2304,0,100,0,button:100,1,1,47,47,47,,rtex028:192,+0steam +asteam,ok,1,romeric4,-320 -416 -202 0 -90,-320 -344 -202 0 -90,
+0sun,+0sun,world,48x48,data1,mazaera,4608,2,meso2:4608,0,100,0,button:100,1,1,60,0,121,,rtex008:384,+0sun +asun,ok,1,meso2,-512 -464 -10 0 -90,-512 -392 -10 0 -90,
+0swit0,+0swit0,world,32x32,portals,tulku,21376,21,tibet6:9984 tibet7:4096 tibet4:3072 tibet8:3072 tibet2:1152,10,77,13,button:100,1,1,53,0,100,,ttex013:800 ttex021:384 ttex053:384 rpal363:256 ttex019:208 ttex020:192,+0swit0 +aswit0,ok,1,tibet6,2280 1152 -162 0 0,2208 1152 -162 0 0,
+0swit1,+0swit1,world,32x32,portals,tulku,3072,3,tibet4:2048 tibet9:1024,0,100,0,button:67,1,1,70,64,74,rpal243:128,ttex021:128 ttex020:128,+0swit1 +aswit1,ok,1,tibet4,-1400 2032 -2 0 0,-1472 2032 -2 0 0,
+0swit2,+0swit2,world,32x32,portals,tulku,2048,2,tibet4:2048,0,100,0,button:50,1,1,76,61,92,rpal243:128,ttex021:128,+0swit2 +aswit2,ok,1,tibet4,-1400 1936 -2 0 0,-1472 1936 -2 0 0,
+0swit3,+0swit3,world,32x32,portals,tulku,2048,2,tibet4:2048,0,100,0,button:50,1,1,82,79,85,rpal243:128,ttex021:128,+0swit3 +aswit3,ok,1,tibet4,-1400 1840 -2 0 0,-1472 1840 -2 0 0,
+0swit4,+0swit4,world,32x32,portals,tulku,2048,2,tibet4:2048,0,100,0,button:50,1,1,87,84,91,rpal243:128,ttex021:128,+0swit4 +aswit4,ok,1,tibet4,-1536 2256 -2 0 180,-1464 2256 -2 0 180,
+0swit5,+0swit5,world,32x32,portals,tulku,2048,2,tibet4:2048,0,100,0,button:50,1,1,82,64,99,rpal243:128,ttex021:128,+0swit5 +aswit5,ok,1,tibet4,-1536 2352 -2 0 180,-1464 2352 -2 0 180,
+0swit6,+0swit6,world,32x32,portals,tulku,4096,4,tibet4:2048 tibet9:2048,0,100,0,button:75,1,1,50,31,70,rpal243:128,ttex020:256 ttex021:128,+0swit6 +aswit6,ok,1,tibet4,-1536 2448 -2 0 180,-1464 2448 -2 0 180,
+0tri,+0tri,world,32x32,data1,septimus,42564,48,romeric1:32088 romeric7:3492 romeric2:2328 romeric3:2328 romeric4:1164 romeric5:1164,0,86,14,,1,1x1.3,75,29,158,rtex008:1787,rtex508~9408:2822 rtex433~0e36:128,+0tri +1tri +2tri +3tri +4tri,ok,1,romeric1,-1926 -1664 -162 0 -179,-1854 -1664 -162 0 -180,
+0tria,+0tria,world,48x48,data1,septimus,80640,35,romeric2:23040 romeric3:18432 romeric1:16128 romeric4:11520 romeric5:9216 romeric7:2304,0,97,3,button:100,1,1,67,0,104,,rtex028:6720,+0tria +atria,ok,1,romeric2,3392 288 -2 0 0,3320 288 -2 0 0,
+0wat,+0wat,world,48x48,data1,septimus,2304,1,romeric4:2304,0,100,0,button:100,1,1,47,47,47,,rtex028:192,+0wat +awat,ok,1,romeric4,64 -416 -202 0 -90,64 -344 -202 0 -90,
+1oil03,+1oil03,world,96x96,,,0,0,,,,,,,,,,,,,+0oil03 +1oil03 +2oil03 +3oil03,frame,,,,,
+1rtex4,+1rtex4,world,64x64,portals,tulku,78080,20,tibet7:45056 tibet3:24832 tibet6:8192,0,100,0,,1,1,102,90,123,ttex054:704,ttex005:2048 ttex020:768 ttex024:728 ttex032:256 ttex045:256 ttex146:64,+0rtex4 +1rtex4 +2rtex4 +3rtex4 +4rtex4,ok,1,tibet7,416 190 198 0 60,392 149 198 0 60,
+1rtex5,+1rtex5,world,32x32,portals,tulku,4096,4,tibet1:2048 tibet7:2048,0,100,0,,1,1,129,73,196,,ttex048:256 ttex088:256,+0rtex5 +1rtex5 +2rtex5 +3rtex5 +4rtex5 +5rtex5,ok,1,tibet1,-584 -84 126 0 90,-584 -156 126 0 90,
+1rtex6,+1rtex6,world,32x32,,,0,0,,,,,,,,,,,,,+0rtex6 +1rtex6 +2rtex6 +3rtex6 +4rtex6 +5rtex6,frame,,,,,
+1rune1,+1rune1,world,64x64,,,0,0,,,,,,,,,,,,,+0rune1 +1rune1 +2rune1 +3rune1 +4rune1,frame,,,,,
+1rune2,+1rune2,world,64x64,,,0,0,,,,,,,,,,,,,+0rune2 +1rune2 +2rune2 +3rune2 +4rune2,frame,,,,,
+1tri,+1tri,world,32x32,,,0,0,,,,,,,,,,,,,+0tri +1tri +2tri +3tri +4tri,frame,,,,,
+2oil03,+2oil03,world,96x96,,,0,0,,,,,,,,,,,,,+0oil03 +1oil03 +2oil03 +3oil03,frame,,,,,
+2rtex4,+2rtex4,world,64x64,,,0,0,,,,,,,,,,,,,+0rtex4 +1rtex4 +2rtex4 +3rtex4 +4rtex4,frame,,,,,
+2rtex5,+2rtex5,world,32x32,,,0,0,,,,,,,,,,,,,+0rtex5 +1rtex5 +2rtex5 +3rtex5 +4rtex5 +5rtex5,frame,,,,,
+2rtex6,+2rtex6,world,32x32,,,0,0,,,,,,,,,,,,,+0rtex6 +1rtex6 +2rtex6 +3rtex6 +4rtex6 +5rtex6,frame,,,,,
+2rune1,+2rune1,world,64x64,,,0,0,,,,,,,,,,,,,+0rune1 +1rune1 +2rune1 +3rune1 +4rune1,frame,,,,,
+2rune2,+2rune2,world,64x64,,,0,0,,,,,,,,,,,,,+0rune2 +1rune2 +2rune2 +3rune2 +4rune2,frame,,,,,
+2tri,+2tri,world,32x32,,,0,0,,,,,,,,,,,,,+0tri +1tri +2tri +3tri +4tri,frame,,,,,
+3oil03,+3oil03,world,96x96,,,0,0,,,,,,,,,,,,,+0oil03 +1oil03 +2oil03 +3oil03,frame,,,,,
+3rtex4,+3rtex4,world,64x64,portals,tulku,11008,3,tibet6:8192 tibet3:2816,0,100,0,,1,1,90,76,112,,ttex024:472 ttex045:256,+0rtex4 +1rtex4 +2rtex4 +3rtex4 +4rtex4,ok,1,tibet6,416 1792 126 0 180,488 1792 126 0 180,
+3rtex5,+3rtex5,world,32x32,,,0,0,,,,,,,,,,,,,+0rtex5 +1rtex5 +2rtex5 +3rtex5 +4rtex5 +5rtex5,frame,,,,,
+3rtex6,+3rtex6,world,32x32,,,0,0,,,,,,,,,,,,,+0rtex6 +1rtex6 +2rtex6 +3rtex6 +4rtex6 +5rtex6,frame,,,,,
+3rune1,+3rune1,world,64x64,data1,blackmarsh cathedral,37453,13,demo2:31104 tower:6089 village3:259,5,56,38,button:0.69,1,0.75x2.1,79,71,83,celt2:72,#lowlight~a060:1728 celt2:1032 rtex226:224 rtex241:144 rtex073:65,+0rune1 +1rune1 +2rune1 +3rune1 +4rune1,ok,1,demo2,1688 208 -334 -55 90,1747 213 -361 -55 135,
+3rune2,+3rune2,world,64x64,,,0,0,,,,,,,,,,,,,+0rune2 +1rune2 +2rune2 +3rune2 +4rune2,frame,,,,,
+3tri,+3tri,world,32x32,,,0,0,,,,,,,,,,,,,+0tri +1tri +2tri +3tri +4tri,frame,,,,,
+4rtex4,+4rtex4,world,64x64,portals,tulku,4096,1,tibet6:4096,0,100,0,,1,1,77,77,77,,ttex024:256,+0rtex4 +1rtex4 +2rtex4 +3rtex4 +4rtex4,ok,1,tibet6,1056 1792 190 0 0,984 1792 190 0 0,
+4rtex5,+4rtex5,world,32x32,,,0,0,,,,,,,,,,,,,+0rtex5 +1rtex5 +2rtex5 +3rtex5 +4rtex5 +5rtex5,frame,,,,,
+4rtex6,+4rtex6,world,32x32,,,0,0,,,,,,,,,,,,,+0rtex6 +1rtex6 +2rtex6 +3rtex6 +4rtex6 +5rtex6,frame,,,,,
+4rune1,+4rune1,world,64x64,,,0,0,,,,,,,,,,,,,+0rune1 +1rune1 +2rune1 +3rune1 +4rune1,frame,,,,,
+4rune2,+4rune2,world,64x64,,,0,0,,,,,,,,,,,,,+0rune2 +1rune2 +2rune2 +3rune2 +4rune2,frame,,,,,
+4tri,+4tri,world,32x32,,,0,0,,,,,,,,,,,,,+0tri +1tri +2tri +3tri +4tri,frame,,,,,
+5rtex5,+5rtex5,world,32x32,,,0,0,,,,,,,,,,,,,+0rtex5 +1rtex5 +2rtex5 +3rtex5 +4rtex5 +5rtex5,frame,,,,,
+5rtex6,+5rtex6,world,32x32,,,0,0,,,,,,,,,,,,,+0rtex6 +1rtex6 +2rtex6 +3rtex6 +4rtex6 +5rtex6,frame,,,,,
+aair,+aair,world,48x48,,,0,0,,,,,,,,,,,,,+0air +aair,frame,,,,,
+acros0,+acros0,world,64x64,portals,other,4096,1,monsters:4096,100,0,0,button:100,1,1,163,163,163,,rtex059:256,+0cros0 +acros0,ok,1,monsters,-924 -1216 21 54 0,-965 -1216 80 55 0,
+aeye,+aeye,world,48x48,,,0,0,,,,,,,,,,,,,+0eye +aeye,frame,,,,,
+afire,+afire,world,48x48,,,0,0,,,,,,,,,,,,,+0fire +afire,frame,,,,,
+apen,+apen,world,48x48,data1,thysis,1024,1,egypt2:1024,0,100,0,button:100,0.65,1,0,0,0,,rtex028:128,+0pen +apen,ok,1,egypt2,-3111 -682 198 0 -151,-3032 -636 198 0 -150,
+apyr,+apyr,world,48x48,,,0,0,,,,,,,,,,,,,+0pyr +apyr,frame,,,,,
+askbt0,+askbt0,world,64x64,portals,keep,18688,5,keep1:18688,12,88,0,,1,1,101,79,254,,rtex225:256 rtex029:256 celt2:192,+0skbt0 +askbt0,ok,1,keep1,2112 -1584 414 0 90,2112 -1656 414 0 90,
+asteam,+asteam,world,48x48,,,0,0,,,,,,,,,,,,,+0steam +asteam,frame,,,,,
+asun,+asun,world,48x48,,,0,0,,,,,,,,,,,,,+0sun +asun,frame,,,,,
+aswit0,+aswit0,world,32x32,portals,tulku,10496,11,tibet4:6144 tibet6:2304 tibet3:2048,0,98,2,button:100,1,1,17,0,65,,ttex021:1024 ttex013:208,+0swit0 +aswit0,ok,1,tibet6,440 544 -194 0 0,392 544 -194 0 0,
+aswit1,+aswit1,world,32x32,portals,tulku,2048,2,tibet9:2048,0,100,0,button:100,1,1,72,71,72,,ttex020:256,+0swit1 +aswit1,ok,3,tibet9,616 942 86 0 120,652 880 86 0 120,
+aswit2,+aswit2,world,32x32,portals,tulku,1024,1,tibet9:1024,0,100,0,button:100,1,1,51,51,51,,ttex020:128,+0swit2 +aswit2,ok,2,tibet9,-1390 888 150 0 -150,-1328 924 150 0 -150,
+aswit3,+aswit3,world,32x32,,,0,0,,,,,,,,,,,,,+0swit3 +aswit3,frame,,,,,
+aswit4,+aswit4,world,32x32,,,0,0,,,,,,,,,,,,,+0swit4 +aswit4,frame,,,,,
+aswit5,+aswit5,world,32x32,,,0,0,,,,,,,,,,,,,+0swit5 +aswit5,frame,,,,,
+aswit6,+aswit6,world,32x32,,,0,0,,,,,,,,,,,,,+0swit6 +aswit6,frame,,,,,
+atria,+atria,world,48x48,,,0,0,,,,,,,,,,,,,+0tria +atria,frame,,,,,
+awat,+awat,world,48x48,,,0,0,,,,,,,,,,,,,+0wat +awat,frame,,,,,
biessman,biessman,world,256x128,data1,mazaera,3520187,191,meso2:2341688 meso3:1178500,0,95,5,,1,0.75x1.5,72,0,205,,#lava000:17136 sky001~4893:8409 rtex103:4736 rtex044:4284 rtex080~6280:2100 rtex099:2095,,ok,1,meso2,-759 1221 -50 0 -118,-648 1428 -50 0 -118,
celt1,celt1,world,48x32,portals,keep,13120,8,keep5:13120,0,100,0,button:16,1,3.2x1,12,0,18,rtex003:408 rtex001:152 celt2:96 rtex165:40,celt2:256 rtex001:184 rtex040:128 rtex030:128 rtex003:16,,ok,1,keep5,1972 200 150 0 90,1972 128 150 0 90,
celt2,celt2,world,32x32,data1 portals,keep cathedral blackmarsh other,2363798,918,keep1:613135 keep5:589261 keep3:285286 eidolon:251548 tower:166551 village2:111488 thomas:90936 demo1:73728 village4:64256 cath:46447 keep4:37802 demo2:33360,1,95,5,door:12 breakable:2,1,6x1,60,0,116,rtex003:33173 rtex165:11647 rtex450:9276 rtex054:6873 rtex006:6434 rtex488:4946,rtex008:11830 rtex415~c6aa:8257 rtex040:7150 rtex121:6301 rtex102:4830 rtex225:4271,,ok,1,keep1,-478 1018 -159 0 0,-656 861 -159 0 30,
celtbrown,celtbrown,world,48x48,data1 portals,blackmarsh keep other cathedral,539298,127,village4:264960 keep5:88610 thomas:55296 keep4:52224 village2:36864 keep3:26496 eidolon:9216 demo2:4096 castle4:1536,21,76,3,breakable:45 door:15 mover:8.3,1,1.1x3.5,74,0,171,celt2:1280 thronetex1:960 rtex041:768 rtex010:576 rtex029:544 rtex053:192,rtex415~c6aa:1920 rtex028:1188 celt2:1152 rtex113:576 rtex173:432 rtex457~7081:336,,ok,1,village4,2476 1538 318 0 -90,2238 1836 318 0 -60,
clip,clip,world,64x64,,,0,0,,,,,,,,,,,,,,unused,,,,,
eviltex,eviltex,world,128x80,data1 portals,blackmarsh cathedral deathmatch other,283904,28,demo1:137984 tower:53248 cath:51712 ravdm3:20480 eidolon:10240 thomas:10240,12,78,10,door:38 mover:12 breakable:3.6 button:0.63,1.2x1,0.99x1,82,0,248,rtex165:832 celt2:128 rtex395~9104:91,rtex103:1850 rtex099:1024 rtex020:352 rtex395~9104:320 rtex040:304 celt2:288,,ok,1,demo1,-2062 -680 80 55 0,-2136 -680 185 55 0,
marble,marble,world,96x96,data1 portals,blackmarsh other keep deathmatch cathedral,1465579,304,village4:920335 thomas:312320 keep5:124271 ravdm2:87381 castle5:15360 castle4:5912,16,80,4,breakable:21 plaque:1,1,1.2x1,51,0,146,rtex028:11643 rtex082:624 marbleseam:608 rtex427~24c7:594 rtex038:328 rtex008:283,rtex125:5343 rtex001:5152 rtex028:4643 rtex458~0bdd:3467 rtex038:2644 rtex124:1840,,ok,1,village4,2566 -5 478 0 90,2566 -162 478 0 90,
marbleseam,marbleseam,world,96x96,data1,deathmatch blackmarsh cathedral,4511153,292,ravdm3:1814267 village4:1732767 eidolon:816739 tower:147380,62,38,0,door:0.08,1,2,51,2,94,rtex008:2688 rosearch:1144 rtex029:1088 marble:608 rtex160:437 rtex022:432,rtex165:14824 rtex342~6f88:11584 rtex003:5579 thronetex1:3839 rtex040:3725 rtex022:3184,,ok,1,ravdm3,-491 203 27 55 0,-539 101 156 55 45,wide: world opaque: rtex165
mtex402,mtex402,world,64x64,data1,mazaera,16384,4,meso1:16384,0,100,0,,1,1,70,68,73,,rtex333:1024,,ok,1,meso1,80 -1792 -290 0 0,8 -1792 -290 0 0,
mtex405,mtex405,world,32x32,data1,mazaera,7168,7,meso2:5120 meso1:2048,0,100,0,button:100,1,1,78,2,118,,rtex103:640 mtex502:256,,ok,1,meso2,1152 2056 54 0 -90,1152 2128 54 0 -90,
mtex407,mtex407,world,64x128,data1,mazaera,103639,37,meso1:103639,0,98,2,,1,1x0.5,59,12,142,rtex333:32 mtex450:32 mtex408:32 rtex298:16,rtex099:2352 rtex333:1120 rtex332:717 rtex298:599 rtex295:576 rtex331:256,,ok,1,meso1,-1 -1563 -249 0 -179,61 -1501 -249 0 -150,
mtex408,mtex408,world,64x64,data1,mazaera,109959,19,meso1:109959,0,25,75,,1,1.1x1.5,72,38,115,mtex407:32,rtex099:5393,,ok,1,meso1,50 -1856 -263 -55 0,-6 -1966 -317 -40 45,
mtex409,mtex409,world,64x64,data1,mazaera,384000,37,meso8:384000,0,0,100,,1,2.5x2,64,26,100,,rtex274:6544 mtex501:1472 rtex008:96,,ok,1,meso8,-638 1900 155 -55 0,-638 1900 155 -55 0,
mtex411,mtex411,world,64x64,data1,mazaera,246385,38,meso4:246385,0,62,38,,1,2.1x1.1,135,0,177,,rtex275:1744 mtex458:865 rtex008:800 rtex278:769 mtex443:384 rtex286:64,,ok,1,meso4,-198 213 -652 -27 180,-113 213 -694 -27 180,
mtex424,mtex424,world,64x64,data1,mazaera,1744,2,meso6:1744,0,100,0,,1,0.12x1.8,125,55,191,,rtex126:452 rtex274:16,,ok,1,meso6,-1973 -176 -430 0 -149,-1973 -176 -430 0 -149,
mtex425,mtex425,world,64x64,data1,mazaera,32211,22,meso1:11937 meso2:5793 meso5:5793 meso6:2896 meso8:2896 meso3:1448 meso4:1448,81,0,19,plaque:100,1,1x0.25,70,0,121,,rtex297:3823,,ok,1,meso1,-128 -1116 -259 54 90,-128 -1143 -219 55 90,
mtex434,mtex434,world,112x80,data1,mazaera,7379,12,meso3:7379,28,72,0,,1,0.43x0.3,54,0,98,,mtex468:160,,ok,1,meso3,3 1520 -164 0 90,3 1448 -164 0 90,
mtex435,mtex435,world,64x32,data1,mazaera,76288,40,meso9:64512 meso3:7680 meso6:4096,32,46,22,door:64,1,0.5x3.5,26,0,147,,mtex474:3072 rtex270:2048 rtex278:1792 rtex274:1024 mtex475:1024 rtex261:480,,ok,1,meso9,1682 2688 55 55 0,1605 2688 165 55 0,
mtex436,mtex436,world,64x64,data1,mazaera,88320,83,meso9:40960 meso2:32000 meso1:15360,9,64,27,door:41,1,0.75,37,0,105,mtex443:128,rtex328:640 mtex488:640 rtex274:576,,ok,1,meso2,1604 2358 54 0 60,1568 2296 54 0 60,
mtex437,mtex437,world,128x128,data1,mazaera,32768,2,meso2:32768,0,100,0,,1,1,56,56,56,rtex274:1024,,,ok,1,meso2,-61 1682 30 0 60,-106 1605 30 0 60,
mtex438,mtex438,world,128x128,data1,mazaera,33776,2,meso1:33776,0,100,0,,1,1,50,50,50,,rtex103:528 rtex275:512,,ok,1,meso1,480 -605 -8 -14 -90,480 -475 -40 -14 -90,
mtex439,mtex439,world,128x128,data1,mazaera,120743,11,meso3:120743,0,100,0,,1,1,79,53,109,,rtex099:2421 rtex103:1024 rtex030:128 rtex276:96 mtex450:32 mtex471:32,,ok,1,meso3,684 893 -163 -15 90,684 838 -179 -16 90,
mtex441,mtex441,world,64x64,data1,mazaera,16384,4,meso1:16384,0,100,0,,1,1,113,61,141,,rtex103:768 rtex328:192 rtex275:64,,ok,1,meso1,-16 348 110 0 -90,-16 420 110 0 -90,
mtex443,mtex443,world,64x64,data1,mazaera deathmatch,1160837,136,meso9:632069 ravdm5:423936 meso4:56192 meso6:48640,0,99,0,breakable:2.1,1,3.5x1,54,11,115,rtex328:8148 rtex272:6008 mtex488:1216 rtex274:128 mtex436:128 rtex333:96,rtex331:7200 rtex332:6356 mtex470:1728 mtex458:1664 mtex456:1632 rtex099:800,,ok,1,meso9,2083 1184 -24 0 0,1848 1184 -24 0 0,
mtex444,mtex444,world,32x128,data1,mazaera,267443,89,meso1:198656 meso5:68787,0,100,0,,1,1,68,0,146,rtex270:384 rtex102:64,rtex275:1152 rtex276:1152 rtex096:543 rtex103:543 rtex124:480 mtex471:256,,ok,1,meso1,-496 241 -166 0 90,-374 68 -166 0 120,
mtex446,mtex446,world,32x128,data1,mazaera,246196,101,meso2:229812 meso3:16384,0,84,16,,1,1,44,0,114,,rtex275:1536 mtex472:1024 mtex447:1024 mtex470:512 rtex274:257 rtex103:192,,ok,1,meso2,-205 2336 84 -14 180,-53 2336 46 -14 180,
mtex447,mtex447,world,64x128,data1,mazaera,48128,18,meso3:31744 meso6:16384,0,100,0,,1,0.75x0.56,97,30,156,rtex270:32,mtex446:1024 rtex274:480 rtex099:320 rtex332:256 rtex008:256 rtex077:128,,ok,1,meso3,-1486 1488 -404 0 90,-1486 1416 -404 0 90,
mtex448,mtex448,world,64x64,data1,mazaera,567184,79,meso3:271929 meso2:131238 meso8:123057 meso1:40960,0,91,9,,1,3.2x1,72,32,120,rtex274:1267 rtex332:520 rtex331:40 rtex125:16,rtex332:4141 mtex491:3709 mtex486:2080 mtex456:1952 mtex470:1648 rtex099:911,,ok,1,meso3,-1750 1099 -405 0 -117,-1647 1305 -405 0 -117,
mtex449,mtex449,world,64x64,data1,mazaera,129567,21,meso2:129567,2,74,24,,1,3.2x1.3,80,57,102,mtex458:32,rtex274:574 mtex470:512 rtex103:388 mtex458:256 mtex448:88 rtex125:24,,ok,1,meso2,-179 2580 51 -26 90,-179 2440 -19 -26 90,
mtex450,mtex450,world,64x64,data1,mazaera,733280,476,meso6:261760 meso1:123918 meso3:91191 meso2:84123 meso4:74752 meso5:50944 meso8:46592,0,100,0,,1,2x0.25,44,0,90,rtex328:1024 rtex274:736 rtex099:336 rtex272:256 rtex333:96 mtex488:64,mtex470:24008 rtex077:11920 rtex276:11740 rtex277:8908 rtex328:8185 rtex036:4912,,ok,1,meso6,-355 211 -538 0 -180,-261 211 -538 0 -180,
mtex451,mtex451,world,64x128,data1,mazaera,32256,10,meso3:32256,0,100,0,,1,1,59,27,124,,mtex452:1024 rtex273:256 rtex008:256 rtex099:160,,ok,1,meso3,176 1512 -87 0 0,104 1512 -87 0 0,
mtex452,mtex452,world,32x128,data1,mazaera,32768,8,meso3:32768,0,100,0,,1,1,46,26,66,,mtex451:1024 mtex455:1024 rtex273:256 rtex008:256,,ok,1,meso3,237 1390 -66 0 90,237 1256 -66 0 90,
mtex453,mtex453,world,64x64,data1,mazaera,8192,2,meso3:8192,0,100,0,,1,1,64,64,64,,rtex103:512,,ok,1,meso3,-564 456 -338 0 0,-636 456 -338 0 0,
mtex454,mtex454,world,64x64,data1,mazaera,500121,90,meso4:395264 meso5:58566 meso6:19415 meso2:14336 meso1:8444 meso8:4096,0,100,0,mover:2,1,1x2,63,17,101,rtex274:1072 rtex099:512 rtex272:496,rtex275:3344 mtex470:2832 rtex274:2372 rtex126:1888 rtex099:984 rtex008:704,,ok,1,meso4,166 352 14 0 0,32 352 14 0 0,
mtex455,mtex455,world,64x128,data1,mazaera,32256,10,meso3:32256,0,100,0,,1,1,66,14,170,,mtex452:1024 rtex273:256 rtex008:256 rtex099:160,,ok,1,meso3,-144 1272 -71 0 180,-72 1272 -71 0 180,
mtex456,mtex456,world,64x128,data1,mazaera,829412,237,meso8:479154 meso4:225599 meso2:118515 meso6:6144,19,75,6,door:2.4,1,1x0.69,59,2,106,mtex457:624 rtex331:608 rtex297:16,rtex008:5150 rtex126:3904 rtex274:3507 rtex331:2848 mtex448:1952 rtex103:1632,,ok,1,meso8,5 119 110 55 0,-61 119 113 40 0,
mtex457,mtex457,world,64x128,data1,mazaera,179263,16,meso2:134091 meso3:23552 meso4:10868 meso8:10752,0,100,0,,1,2x1.3,92,76,108,mtex456:624,mtex456:973 rtex233:960 rtex265:704 rtex274:677 rtex273:256 mtex470:96,,ok,1,meso2,0 1366 49 7 90,0 1191 70 7 90,
mtex458,mtex458,world,64x128,data1,mazaera,2831763,320,meso9:1343488 meso3:564381 meso8:439637 meso4:388955 meso2:54588 meso1:40713,30,38,31,button:0.27,1,1.6x1.2,83,14,255,rtex332:6656 rtex276:5696 mtex470:384 mtex488:382 mtex466:128 mtex467:128,#lava000:35840 rtex096:8960 mtex470:5353 rtex274:3510 rtex275:3376 rtex050:2854,,ok,1,meso9,1137 1568 78 55 0,1002 1568 271 55 0,
mtex460,mtex460,world,128x128,data1,mazaera,16384,1,meso2:16384,100,0,0,,1,1,101,101,101,rtex276:512,,,ok,1,meso2,-234 1773 207 55 0,-265 1773 251 55 0,
mtex461,mtex461,world,64x64,data1,mazaera,12288,4,meso3:4096 meso6:4096 meso8:4096,100,0,0,,1,1,119,87,156,rtex276:512 mtex471:256,,,ok,1,meso3,-28 14 -11 54 0,-69 14 48 55 0,
mtex462,mtex462,world,64x64,data1,mazaera,12288,3,meso2:8192 meso3:4096,33,67,0,,1,1,56,52,58,mtex470:256,rtex096:512,,ok,1,meso2,-1720 3016 -274 0 180,-1648 3016 -274 0 180,
mtex463,mtex463,world,64x64,data1,mazaera,4096,1,meso2:4096,100,0,0,,1,1,86,86,86,mtex470:256,,,ok,1,meso2,324 2400 -11 54 0,297 2400 29 55 0,
mtex464,mtex464,world,64x64,data1,mazaera,9255,2,meso5:5159 meso6:4096,44,56,0,,1,0.89x1,145,139,149,mtex471:256,rtex103:289,,ok,1,meso5,-1015 3204 -98 0 15,-1061 3192 -98 0 15,
mtex465,mtex465,world,64x64,data1,mazaera,11624,10,meso1:8192 meso6:3432,9,83,9,,1,1,91,0,126,,rtex272:607 mtex454:607 rtex008:512,,ok,1,meso1,40 416 238 0 0,-32 416 238 0 0,
mtex466,mtex466,world,64x64,data1,mazaera,16384,6,meso3:8192 meso9:8192,100,0,0,,1,1,34,11,59,rtex276:128 mtex458:128 mtex467:64 mtex469:64,rtex272:1024 mtex443:64 rtex297:64,,ok,1,meso3,-118 1552 -102 55 0,-214 1552 35 55 0,
mtex467,mtex467,world,64x64,data1,mazaera,8192,2,meso9:8192,100,0,0,,1,1,30,21,39,mtex469:128 rtex276:128 mtex458:128 mtex466:64 mtex470:64,,,ok,1,meso9,1220 992 -11 54 0,1179 992 48 55 0,
mtex468,mtex468,world,64x64,data1,mazaera,14848,5,meso3:10752 meso9:4096,100,0,0,,1,1.5x1.2,63,26,90,rtex276:128 mtex469:64 mtex470:64,rtex272:448 mtex434:160,,ok,1,meso3,-51 1541 -135 40 0,-129 1541 -70 40 0,
mtex469,mtex469,world,64x64,data1,mazaera,353280,26,meso6:345088 meso9:8192,100,0,0,,1,2.8x3,44,14,84,mtex470:576 mtex467:128 mtex468:64 rtex276:64 mtex458:64 mtex466:64,rtex274:3536 mtex450:1536 rtex125:896 rtex099:64 rtex297:64,,ok,1,meso6,-1374 -493 -372 55 90,-1469 -511 -370 40 45,
mtex470,mtex470,world,64x64,data1,mazaera,9397196,1175,meso5:2291375 meso6:2111908 meso4:2047936 meso3:1571424 meso2:671954 meso8:314958 meso9:204800 meso1:182841,76,7,17,mover:1.7,1,2,53,9,104,rtex331:576 mtex469:576 mtex458:384 mtex463:256 mtex462:256 rtex274:160,rtex274:49212 rtex333:30699 mtex450:24008 rtex272:18338 rtex099:12174 mtex488:10984,,ok,1,meso5,-1132 2958 35 55 90,-1132 2958 35 55 90,
mtex471,mtex471,world,64x64,data1,mazaera,1657756,246,meso8:788620 meso6:558336 meso1:199830 meso3:110970,73,10,17,door:12,1,2.2x2,71,5,133,mtex464:256 mtex461:256 rtex274:144 mtex472:128 mtex470:128 rtex331:64,rtex274:7680 mtex450:4679 rtex099:4607 rtex270:2462 rtex278:1674 rtex272:1562,,ok,1,meso8,150 3096 126 -55 0,357 3096 87 -55 180,
mtex472,mtex472,world,256x256,data1,mazaera,192512,23,meso2:65536 meso8:65536 meso6:61440,32,34,34,,1,0.88,130,90,168,rtex274:768 mtex471:128,rtex099:1408 mtex446:1024 rtex331:256,,ok,1,meso2,-314 2317 134 -55 0,-368 2317 56 -55 0,
mtex474,mtex474,world,128x128,data1,mazaera,147456,9,meso9:131072 meso5:16384,0,100,0,door:89,1,1x1.8,28,0,88,,mtex435:3072 rtex008:512,,ok,1,meso9,1216 1101 94 0 -90,1216 1336 94 0 -90,
mtex475,mtex475,world,128x128,data1,mazaera,147456,10,meso6:147456,0,100,0,door:11,1,1,86,23,167,rtex274:448 mtex450:64,rtex099:2688 mtex435:1024 rtex077:256 mtex471:256 rtex125:128,,ok,1,meso6,530 -32 -150 0 0,396 -32 -150 0 0,
mtex476,mtex476,world,128x128,data1,mazaera,81920,5,meso4:81920,0,100,0,,1,1,100,71,128,,rtex099:1152 sky001~4893:384 rtex274:256 mtex470:256 rtex008:256 rtex286:256,,ok,1,meso4,384 802 206 0 -90,384 936 206 0 -90,
mtex478,mtex478,world,128x128,data1,mazaera,37040,5,meso6:37040,0,100,0,,1,1.2x1,25,0,55,rtex099:448,rtex126:679 rtex099:208 rtex077:16,,ok,1,meso6,-1244 746 -418 0 -90,-1244 799 -418 0 -90,
mtex481,mtex481,world,48x192,data1,mazaera,164068,144,meso5:87872 meso3:54368 meso1:21828,15,80,5,door:73,1,1.2,70,0,111,rtex126:1024,mtex470:768 rtex126:704 rtex276:672 mtex482:384 rtex328:144,,ok,5,meso5,-2748 1824 181 54 0,-2789 1824 240 55 0,
mtex482,mtex482,world,48x192,data1,mazaera,3721,8,meso1:1860 meso5:1860,0,100,0,,0.5,1.2x0.04,10,0,26,,rtex126:448 mtex481:384,,ok,1,meso1,-16 1037 -177 26 -90,-16 1050 -170 27 -90,
mtex483,mtex483,world,128x128,data1,mazaera,153600,19,meso5:116736 meso4:36864,5,89,5,mover:76 door:24,1,1,60,0,89,,rtex103:864 rtex094:576,,ok,1,meso5,-641 2661 21 0 -90,-835 2719 21 0 -30,
mtex484,mtex484,world,64x64,data1,mazaera,23501,5,meso5:23501,17,53,29,,1,1.2x0.88,39,35,44,mtex485:176,mtex485:86 mtex454:64,,ok,1,meso5,-1495 1883 129 -55 1,-1495 1883 129 -55 1,
mtex485,mtex485,world,64x128,data1,mazaera,10662,6,meso5:10662,38,62,0,,1,0.5,70,63,77,mtex484:176 rtex274:48,rtex274:224 mtex454:114 mtex484:86 mtex470:80 rtex008:19,,ok,1,meso5,-1472 1888 149 54 0,-1375 1888 208 55 180,
mtex486,mtex486,world,64x128,data1,mazaera,646808,155,meso3:279316 meso8:258453 meso2:55536 meso5:53503,1,99,0,,1,2x0.73,70,31,100,rtex272:576 rtex008:231 rtex125:48 mtex450:16,rtex008:2608 mtex488:2368 mtex448:2080 rtex126:1296 mtex470:1045 rtex099:1018,,ok,1,meso3,-1401 485 -335 0 -90,-1401 636 -335 0 -90,
mtex487,mtex487,world,64x64,data1,mazaera,667776,59,meso2:600192 meso4:67584,0,100,0,door:10,1,3.5x1.5,184,41,247,,#lava000:13760 rtex044:3440 rtex233:2928 rtex273:994 mtex501:512 rtex126:384,,ok,1,meso2,-634 1624 -108 0 90,-634 1372 -108 0 90,
mtex488,mtex488,world,64x64,data1,mazaera,3120048,373,meso8:794689 meso3:585916 meso9:503808 meso5:496519 meso6:462814 meso4:168637 meso1:107664,2,81,17,door:3.6,1,2.5x2,50,1,86,mtex443:1216 rtex008:480 rtex274:384 mtex458:382 rtex099:352 rtex103:128,mtex470:10984 rtex008:8753 rtex276:6491 rtex099:6386 rtex275:5312 rtex287:2944,,ok,1,meso8,-192 594 114 -55 0,-185 512 76 -55 45,
mtex489,mtex489,world,64x64,data1,mazaera,160704,56,meso1:156864 meso4:3840,0,100,0,,1,3.5x0.5,64,29,87,,rtex008:4480 rtex328:1984 rtex080~6280:1600 mtex458:1400 rtex099:256 mtex450:256,,ok,1,meso1,238 -1379 -88 0 -180,269 -1162 -88 0 -120,
mtex491,mtex491,world,64x128,data1,mazaera,532626,37,meso3:532626,0,100,0,,1,3x1,57,37,81,,mtex448:3709 mtex470:2448 rtex275:1086 rtex332:286 rtex331:175 rtex099:96,,ok,1,meso3,-1333 1677 -371 -26 90,-1333 1467 -477 -27 90,
mtex495,mtex495,world,48x128,data1,mazaera,183296,64,meso1:106496 meso3:64512 meso6:12288,7,93,0,,1,1,72,0,143,,mtex488:1536 rtex099:800 rtex328:768 mtex470:576 rtex274:512 rtex077:96,,ok,1,meso1,-120 -1234 -2 0 -90,-232 -1094 -2 0 -60,
mtex496,mtex496,world,96x80,data1,mazaera,82009,24,meso6:66176 meso1:15833,2,95,2,,1,1,77,47,97,rtex274:1216 rtex099:16,rtex099:2250 rtex274:64,,ok,1,meso6,-544 -67 -274 0 90,-544 -168 -274 0 90,
mtex497,mtex497,world,64x128,data1,mazaera,3316909,173,meso6:2180525 meso1:1136384,0,100,0,,1,3.5x1.2,43,0,86,rtex270:2640 rtex099:576,sky001~4893:10590 rtex233:5536 rtex328:5456 rtex080~6280:2192 #lava000:1280 rtex008:962,,ok,1,meso6,-912 -1251 182 0 -90,-912 -1016 182 0 -90,
mtex501,mtex501,world,64x64,data1,mazaera,93050,67,meso8:65402 meso9:19456 meso2:8192,11,47,42,,1,1x0.5,27,0,86,,#skulls:2304 mtex409:1472 mtex487:512 rtex099:512 rtex274:448 rtex126:256,,ok,1,meso8,-262 1920 121 -55 0,-262 1920 121 -55 0,
mtex502,mtex502,world,64x64,data1,mazaera,53429,32,meso6:45237 meso1:8192,5,89,6,door:85 button:15,1,0.5x2.6,13,0,31,,mtex405:256,,ok,1,meso6,304 -646 26 0 90,304 -822 26 0 90,
mtex504,mtex504,world,96x128,data1,mazaera,181968,17,meso1:58496 meso2:34216 meso5:34216 meso6:21376 meso8:12288 meso3:10688 meso4:10688,0,100,0,,1,1.2x0.88,63,0,105,,rtex099:4137 rtex103:2475 rtex328:104 mtex471:96,,ok,1,meso1,-16 406 238 0 -90,-16 430 238 0 -90,
mtex510,mtex510,world,64x64,data1,mazaera,13312,6,meso2:13312,10,81,10,plaque:100,1,1,33,0,107,,,,ok,1,meso2,12 832 6 0 0,-60 832 6 0 0,
origin,origin,world,64x64,,,0,0,,,,,,,,,,,,,,unused,,,,,
rosearch,rosearch,world,160x256,data1 portals,blackmarsh keep other cathedral,1475302,495,keep3:302716 village1:278528 village2:234029 village4:162248 demo1:146414 demo3:139617 keep2:71680 thomas:70341 tower:69729,0,99,1,,1,0.3x0.55,87,8,152,rtex022:9822 rtex335:1984 rtex415~c6aa:1563 marbleseam:1144 rtex425~df8d:1016 rtex020:764,rtex415~c6aa:19753 rtex335:4881 rtex022:3702 rtex336:1754 rtex005:1464 rtex008:1022,,ok,1,keep3,-162 -1264 -136 0 90,-342 -1432 -136 0 60,
rpal238,rpal238,world,64x64,portals,tulku,186229,93,tibet4:150272 tibet10:18600 tibet3:10189 tibet8:7168,13,87,0,door:4.9 breakable:2.6,1,2.5x0.25,50,18,79,rpal243:7056 ttex056:3093 ttex089:132 ttex051:80 ttex021:45,rpal239:7184 ttex003:2608 ttex267:2037 ttex051:756 rpal329:448 ttex053:448,,ok,1,tibet4,-1204 1640 -3 -25 90,-1204 1493 -72 -25 90,
rpal239,rpal239,world,64x64,portals,tulku,3857242,293,tibet5:3088259 tibet4:676352 tibet8:92631,1,2,97,,1,3,77,42,110,ttex051:904 ttex053:256 rpal310:128,ttex126:13151 ttex372:7725 rpal238:7184 ttex051:5284 ttex022:4425 ttex373:3264,,ok,1,tibet5,98 -945 -12 -55 0,40 -945 -94 -55 0,
rpal240,rpal240,world,64x64,portals,tulku,214955,67,tibet2:130688 tibet8:49152 tibet10:35114,3,86,11,static:12,1,2.2x0.5,62,0,112,rpal328:720,ttex255:2121 sky001~6566:1936 rpal273:1536 ttex126:1445 rpal329:720 ttex049:720,,ok,1,tibet2,-2074 -2445 542 -55 0,-2067 -2527 503 -55 45,
rpal241,rpal241,world,64x64,portals,tulku,1621748,149,tibet2:928500 tibet9:571904 tibet8:121344,67,7,27,door:6.6,1,3x2.5,54,0,93,rpal329:416 sky001~6566:320 rpal328:320 ttex250:256 ttex114:224 ttex048:160,ttex042:4859 sky001~6566:4672 ttex126:2876 rpal363:2672 rpal273:2272 rpal308:1728,,ok,1,tibet2,-1421 -2202 779 55 0,-1414 -2284 818 55 45,
rpal243,rpal243,world,64x64,portals,tulku,824113,138,tibet4:822641 tibet7:1472,0,100,0,door:1.2,1,2.5x1.8,62,35,83,rpal238:7056 ttex051:688 ttex089:538 ttex021:245 +0swit4:128 +0swit5:128,ttex003:7389 ttex051:4081 ttex021:1824 ttex089:495 ttex153:416 rpal246:397,,ok,1,tibet4,-1172 1672 -26 0 120,-1310 1545 -26 0 60,
rpal244,rpal244,world,64x64,portals,tulku,59109,30,tibet5:59109,0,100,0,,1,2.4x0.25,54,18,79,ttex019:96 ttex262:32 ttex142:32,ttex003:7325 ttex019:320 ttex126:192 ttex262:64 ttex142:32,,ok,1,tibet5,85 -523 -234 0 -90,-83 -333 -234 0 -60,
rpal246,rpal246,world,64x64,portals,tulku,852667,99,tibet8:260406 tibet9:204931 tibet5:204542 tibet4:178552 tibet7:4236,16,55,29,,1,2.5x1,66,31,127,ttex229:2480 ttex374:1664 ttex089:896 ttex013:340 ttex126:192 ttex024:96,ttex003:3904 rpal308:3310 rpal317:2192 ttex126:2064 ttex053:1152 rpal359:576,,ok,1,tibet8,-1309 -817 27 -55 -1,-1309 -817 27 -55 -1,
rpal273,rpal273,world,64x64,portals,tulku,1133860,199,tibet8:664267 tibet2:334301 tibet7:72822 tibet9:62469,3,63,33,,1,2x1,67,18,131,rpal308:2656 rpal292:64 ttex373:56 ttex055:32 rpal363:16,rpal308:5642 rpal301:4011 rpal333:2576 rpal241:2272 ttex004:1920 rpal318:1832,,ok,1,tibet8,-314 -1288 14 -55 0,-341 -1288 -25 -55 0,
rpal274,rpal274,world,64x64,portals,tulku,49929,9,tibet9:29655 tibet8:20274,0,37,63,,1,0.88x1.2,81,45,135,,rpal359:475 rpal308:429 rpal332:288 rpal318:272 rpal246:256 ttex373:256,,ok,1,tibet9,592 945 102 0 90,592 796 102 0 90,wide: instance 11 models/samurai.mdl triangle 103: samurai.mdl_0
rpal276,rpal276,world,64x128,portals,tulku,42325,74,tibet8:31744 tibet9:10581,0,100,0,,1,0.25x0.38,90,54,132,,ttex053:3938 rpal318:1387 rpal329:192 rpal331:128 rpal308:96 rpal334:32,,ok,1,tibet8,406 120 -15 0 -90,406 192 -15 0 -90,
rpal277,rpal277,world,64x64,portals,tulku,13332,7,tibet1:13332,0,100,0,,1,1.9x0.62,30,0,75,,ttex006:352 ttex175:228 ttex038:155,,none,1,,,,
rpal280,rpal280,world,64x64,portals,tulku,5332,9,tibet2:5332,67,33,0,,1,1,62,0,89,,ttex145:219,,none,1,,,,
rpal281,rpal281,world,64x64,portals,tulku,6144,1,tibet8:6144,0,0,100,,1,0.75x2,78,78,78,,rpal356:256 rpal319:96,,none,1,,,,
rpal282,rpal282,world,64x64,portals,tulku,27718,20,tibet8:27718,22,63,15,,1,0.75x0.5,174,150,202,,ttex053:458,,ok,1,tibet8,-810 -1480 -66 0 30,-872 -1516 -66 0 30,
rpal291,rpal291,world,64x64,portals,tulku,136675,49,tibet9:118755 tibet10:17920,8,85,8,door:52,1,2x0.53,48,0,88,rpal317:144 rpal358:128 rpal292:128,rpal293:3328 rpal358:1568 ttex054:640 rpal241:576 ttex380:384 ttex020:256,,ok,1,tibet9,448 787 -289 -27 -90,370 850 -331 -27 -60,
rpal292,rpal292,world,32x16,portals,tulku,278785,217,tibet8:197978 tibet9:75836 tibet2:4971,3,90,6,door:4.4,1,5x1,58,0,114,rpal308:13676 rpal359:1088 ttex004:350 ttex053:256 ttex033:256 rpal291:128,rpal329:4184 rpal308:3207 rpal310:1616 ttex053:1330 rpal331:1104 rpal334:880,,ok,1,tibet8,-240 3 214 0 90,-240 -232 214 0 90,
rpal293,rpal293,world,64x64,portals,tulku,282396,36,tibet9:212764 tibet10:36864 tibet8:32768,20,68,12,door:57,1,1x2,73,0,143,rpal314:128 ttex033:128 rpal329:32,rpal291:3328 rpal308:912 ttex055:832 rpal358:768 ttex116:640 ttex062:414,,ok,1,tibet9,-64 574 14 0 90,-64 372 14 0 90,
rpal300,rpal300,world,64x64,portals,tulku,416640,25,tibet10:307072 tibet8:109568,69,1,30,breakable:8.8,1,2,68,52,89,ttex020:6656,ttex053:1408 rpal308:1263 rpal328:941,,ok,1,tibet10,-2322 1299 1390 55 0,-2457 1299 1583 55 0,
rpal301,rpal301,world,64x32,portals,tulku,475196,269,tibet8:297629 tibet10:171609 tibet7:5958,0,55,45,door:6,1,1.5x1,69,11,127,rpal308:672 rpal329:448,rpal308:6439 ttex349:4104 rpal273:4011 rpal317:2944 rpal329:1728 ttex053:1536,,ok,1,tibet8,-815 -337 -14 -55 0,-815 -337 -14 -55 0,
rpal304,rpal304,world,64x64,portals,tulku,1632,1,tibet1:1632,0,100,0,button:100,1,0.75x1.1,103,103,103,,ttex016:167,,ok,1,tibet1,3328 -592 -565 0 180,3400 -592 -565 0 180,
rpal305,rpal305,world,64x64,,,0,0,,,,,,,,,,,,,,unused,,,,,
rpal306,rpal306,world,64x64,portals,tulku,63146,7,tibet8:54954 tibet9:8192,0,87,13,,1,1x2,60,37,126,rpal358:384,rpal308:1270 ttex053:429 rpal329:384 rpal241:384 rpal331:64 rpal309:64,,ok,1,tibet8,619 -931 -165 26 0,466 -931 -88 27 0,
rpal308,rpal308,world,64x64,portals,tulku,19255393,2540,tibet9:10107756 tibet8:7359112 tibet10:1441310 tibet7:347216,3,93,4,static:0.45 mover:0.15 door:0.07 breakable:0.07 button:0.03,1,2.5x2,55,14,100,rpal292:13676 ttex372:7777 ttex380:7731 ttex042:5775 ttex005:5192 rpal360:5176,rpal329:36922 rpal332:35931 ttex053:26534 rpal317:22050 rpal310:19383 rpal311:18372,,ok,1,tibet9,55 43 -424 0 -162,204 93 -424 0 -162,
rpal309,rpal309,world,64x64,portals,tulku,8192,1,tibet8:8192,0,100,0,,1,1x2,6,6,6,,ttex053:128 rpal308:128 rpal329:64 rpal331:64 rpal241:64 rpal306:64,,ok,1,tibet8,275 -978 -178 0 -60,275 -978 -178 0 -60,
rpal310,rpal310,world,64x64,portals,tulku,1931959,163,tibet8:1785897 tibet9:146062,94,0,6,,1,2.5x2,69,26,112,rpal359:341 rpal334:128 rpal239:128 ttex053:96,rpal308:19383 rpal317:4440 rpal292:1616 rpal363:1600 ttex053:1391 rpal358:1000,,ok,1,tibet8,-762 -778 83 55 0,-790 -778 123 55 0,
rpal311,rpal311,world,64x64,portals,tulku,2321105,171,tibet9:1330951 tibet8:990154,6,0,94,,1,3x2.8,41,10,76,ttex134:192,rpal308:18372 rpal317:9004 rpal359:7017 ttex005:2209 rpal316:1216 ttex114:640,,ok,1,tibet9,713 899 -306 -55 0,720 816 -345 -55 45,
rpal312,rpal312,world,64x64,portals,tulku,1836036,337,tibet10:1836036,5,69,25,breakable:7.1,1,1.9x2.5,53,23,101,ttex380:1795 ttex005:1578 rpal317:576 sky001~6566:45,rpal308:10624 ttex380:6678 ttex005:3888 ttex372:3600 ttex080:3120 rpal329:1553,,ok,1,tibet10,-2615 1213 1486 -55 0,-2669 1213 1408 -55 0,
rpal314,rpal314,world,64x64,portals,tulku,107776,13,tibet9:56832 tibet8:50944,100,0,0,,1,2.5x2,48,32,76,rpal293:128,ttex271:1152 ttex054:480 rpal292:384 ttex053:320 rpal308:256 rpal359:200,,ok,1,tibet9,402 795 -310 55 0,383 795 -283 55 0,
rpal315,rpal315,world,64x64,,,0,0,,,,,,,,,,,,,,unused,,,,,
rpal316,rpal316,world,64x64,portals,tulku,48640,16,tibet9:48640,0,60,40,,1,2.4x0.38,58,9,106,,rpal308:1216 rpal311:1216 rpal317:640,,ok,1,tibet9,693 1158 -437 0 90,693 998 -437 0 90,
rpal317,rpal317,world,64x64,portals,tulku,2339976,735,tibet9:1648134 tibet8:518544 tibet10:173298,9,62,29,door:1.6,1,1,47,0,93,rpal308:2328 ttex070:768 rpal312:576 rpal358:320 ttex249:320 rpal359:256,rpal308:22050 rpal311:9004 rpal310:4440 rpal332:4352 rpal329:3262 rpal301:2944,,ok,1,tibet9,-188 288 -239 -55 0,-134 144 -368 -55 90,
rpal318,rpal318,world,64x64,portals,tulku,90928,78,tibet9:87735 tibet2:3193,5,92,3,door:9,1,1x1.5,70,29,104,rpal308:679 rpal292:104 sky001~6566:64,rpal308:2119 rpal273:1832 rpal276:1387 rpal274:272 ttex385:256 rpal329:208,,ok,1,tibet9,490 1306 -469 0 0,350 1194 -469 0 30,
rpal319,rpal319,world,64x64,portals,tulku,286296,54,tibet8:286296,24,75,1,,1,1x1.8,68,13,112,rpal308:961 rpal360:64,rpal308:2826 rpal329:2144 ttex133:448 rpal356:302 rpal292:192 rpal310:176,,ok,1,tibet8,904 -175 -198 0 90,734 -226 -198 0 30,
rpal320,rpal320,world,64x64,portals,tulku,256,1,tibet8:256,100,0,0,,1,0.5x0.25,0,0,0,rpal329:36,rpal363:32 rpal273:16,,ok,1,tibet8,-1062 -5 245 55 -1,-1103 -5 304 55 0,
rpal321,rpal321,world,64x64,portals,tulku,20480,5,tibet8:20480,20,80,0,,1,1,163,141,170,,rpal317:1024 ttex053:256,,ok,1,tibet8,-1248 -2000 -82 0 90,-1248 -2072 -82 0 90,
rpal323,rpal323,world,64x128,portals,tulku,20480,5,tibet8:20480,10,90,0,door:100,1,1,33,0,65,rpal325:144,rpal324:128 ttex053:48,,ok,1,tibet8,-160 378 126 0 -90,-160 431 126 0 -90,
rpal324,rpal324,world,64x128,portals,tulku,16384,2,tibet8:16384,0,100,0,door:100,1,1,44,21,68,rpal326:128,ttex053:256 rpal323:128,,ok,1,tibet8,-96 378 126 0 -90,-96 431 126 0 -90,
rpal325,rpal325,world,64x128,portals,tulku,19968,6,tibet8:19968,0,90,10,door:100,1,1x0.88,39,0,74,rpal323:144 ttex053:16,rpal326:352 ttex053:32,,ok,1,tibet8,-199 356 6 0 -60,-238 424 6 0 -60,
rpal326,rpal326,world,64x128,portals,tulku,14336,2,tibet8:14336,0,100,0,door:100,1,1x0.88,58,39,76,rpal324:128,rpal325:352,,ok,1,tibet8,-135 356 6 0 -60,-174 424 6 0 -60,
rpal328,rpal328,world,64x16,portals,tulku,241444,257,tibet10:107879 tibet9:62437 tibet8:60065 tibet7:11063,0,100,0,breakable:0.67,1,3x1,44,4,89,rpal308:1424 ttex038:1200 rpal240:720 ttex053:320 rpal241:320 ttex016:293,ttex033:7613 rpal332:5741 ttex005:3092 ttex019:2992 rpal334:2516 ttex053:2240,,ok,1,tibet10,-2006 1514 1302 0 45,-2065 1168 1302 0 75,
rpal329,rpal329,world,64x64,portals,tulku,3878640,435,tibet8:2124656 tibet9:1576064 tibet10:177920,85,1,14,,1,2x2.2,72,22,120,rpal301:448 rpal241:416 rpal359:192 rpal308:128 rpal356:128 rpal334:64,rpal308:36922 rpal363:12617 ttex053:5440 rpal292:4184 rpal317:3262 rpal319:2144,,ok,1,tibet8,450 -98 27 55 0,744 -98 152 40 180,
rpal331,rpal331,world,64x64,portals,tulku,279269,30,tibet8:279269,0,0,100,,1,1.5x3,94,1,154,rpal241:128,rpal308:3912 rpal292:1104 ttex053:128 rpal276:128 rpal273:80 rpal309:64,,ok,1,tibet8,793 -106 -191 -55 0,766 -106 -230 -55 0,
rpal332,rpal332,world,64x64,portals,tulku,4015412,384,tibet9:3116454 tibet10:707249 tibet8:191709,65,0,34,breakable:0.52 button:0.08,1,3x2.5,59,24,92,ttex005:3676 ttex373:2240 rpal308:352 ttex048:288 rpal356:64 ttex380:64,rpal308:35931 rpal363:13760 rpal328:5741 rpal317:4352 ttex249:3039 rpal358:2048,,ok,1,tibet9,520 1158 -488 55 0,462 1158 -406 55 0,
rpal333,rpal333,world,64x64,portals,tulku,596083,53,tibet8:561267 tibet9:34816,0,0,100,,1,2,77,16,160,,rpal308:5501 ttex053:3711 rpal273:2576 rpal359:1152 rpal328:1088 ttex013:832,,ok,1,tibet8,-768 211 129 -55 0,-906 211 45 -40 0,
rpal334,rpal334,world,64x64,portals,tulku,259328,27,tibet8:259328,33,0,67,,1,3.5x2,95,48,129,rpal310:128 rpal329:64,rpal328:2516 rpal292:880 rpal308:800 ttex384:560 rpal360:512 ttex053:160,,ok,1,tibet8,-503 -832 78 55 0,-496 -915 117 55 45,
rpal335,rpal335,world,64x64,portals,tulku,321536,26,tibet9:256000 tibet8:65536,80,0,20,,1,3.2x2,58,31,77,,ttex054:2176 rpal308:1493 rpal363:896 ttex053:576 rpal246:192 ttex380:128,,ok,1,tibet9,711 801 124 55 -135,765 856 234 55 -135,
rpal356,rpal356,world,64x64,portals,tulku,11264,5,tibet9:6144 tibet8:5120,55,45,0,,1,2x0.5,65,30,112,rpal329:128 rpal332:64,rpal319:302 rpal281:256 rpal318:128 rpal308:64,,ok,1,tibet9,1039 1416 -122 55 0,1007 1367 -48 55 45,
rpal358,rpal358,world,64x64,portals,tulku,431763,101,tibet9:358684 tibet8:52343 tibet10:15360 tibet7:5376,0,90,10,door:5.7,1,3x1,61,5,104,rpal308:3114 sky001~6566:1408 ttex107:768 rpal306:384 rpal317:320 rpal291:128,rpal332:2048 rpal291:1568 rpal308:1024 rpal329:1008 rpal310:1000 ttex054:896,,ok,1,tibet9,-733 352 364 0 0,-890 352 364 0 0,
rpal359,rpal359,world,64x32,portals,tulku,808717,208,tibet9:604614 tibet8:145635 tibet2:51683 tibet7:4224 tibet10:2560,2,85,13,door:18,1,3x1,42,0,93,rpal308:4592 rpal292:1088 sky001~6566:1024 ttex055:832 rpal310:341 ttex004:335,rpal308:7119 rpal311:7017 ttex062:3776 rpal329:1856 ttex020:1792 rpal332:1645,,ok,1,tibet9,1398 1215 1 0 -150,1571 1184 -105 -25 180,
rpal360,rpal360,world,64x64,portals,tulku,281158,39,tibet8:271942 tibet7:9216,24,76,0,,1,2x1,48,18,86,rpal308:5176 ttex032:384 rpal319:64,rpal308:1472 rpal329:1128 ttex053:1086 rpal334:512 ttex134:512 ttex133:256,,ok,1,tibet8,64 -291 -24 0 -90,64 -56 -24 0 -90,
rpal362,rpal362,world,32x16,,,0,0,,,,,,,,,,,,,,unused,,,,,
rpal363,rpal363,world,32x16,portals,tulku,323374,141,tibet9:217216 tibet8:89797 tibet7:16361,2,98,0,button:2.5 door:1.3,1,6x1,37,0,67,ttex032:1024 rpal308:544 ttex212:128 rpal273:16 ttex134:16 ttex384:16,rpal332:13760 rpal329:12617 rpal308:2688 rpal241:2672 rpal317:2528 rpal310:1600,,ok,1,tibet9,557 675 22 0 90,557 581 22 0 90,
rpal364,rpal364,world,128x128,portals,tulku,62805,4,tibet8:32768 tibet9:30037,0,100,0,,1,1,58,39,83,rpal308:1323,rpal317:270 ttex020:256 rpal310:128,,ok,1,tibet8,-282 -1280 -7 0 0,-416 -1280 -7 0 0,
rpal365,rpal365,world,128x128,portals,tulku,156858,12,tibet10:89786 tibet9:43008 tibet8:24064,0,100,0,,1,1,69,41,161,rpal308:3858 ttex054:128 ttex384:128 rpal359:96,rpal329:224 rpal333:128 rpal332:128 ttex053:32 ttex066:32 rpal317:32,,ok,1,tibet10,-1990 1514 1422 0 45,-2010 1336 1422 0 75,
rpal366,rpal366,world,64x128,portals,tulku,65536,8,tibet8:65536,0,100,0,door:100,1,1,51,9,122,,ttex053:2048 ttex097:1024,,ok,1,tibet8,-438 -800 14 0 180,-304 -800 14 0 180,
rtex001,rtex001,world,128x128,data1 portals,keep deathmatch other cathedral blackmarsh,18878042,2508,keep4:3165493 thomas:3030528 ravdm3:2834133 castle4:2290522 rider1a:1952569 keep5:1403859 ravdm2:1134141 keep2:1062431 monsters:614400 cath:613963 demo1:524833 tower:189831 demo2:40290 village2:21048,10,48,42,door:0.52 static:0.29 breakable:0.24,1,1.2x1.1,51,6,95,rtex451~c3b6:5592 rtex029:3824 rtex020:2050 sky000~adb1:2048 rtex006:1704 rtex028:1608,rtex039~df99:24582 rtex165:23104 rtex099:16867 rtex034:16636 rtex227:12672 rtex005:10228,,ok,1,keep4,-254 -910 -365 0 0,-254 -910 -365 0 0,
rtex002,rtex002,world,64x64,data1,mazaera,55340,24,meso5:55340,4,91,6,,1,0.75x1.5,55,23,80,,rtex274:384 mtex470:256 mtex488:235 rtex233:192 rtex275:128 rtex008:121,,ok,1,meso5,-18 2854 1 0 60,-28 2836 1 0 60,
rtex003,rtex003,world,64x64,data1 portals,cathedral keep deathmatch blackmarsh other,28476369,3125,tower:7124116 ravdm2:4976921 keep5:4825914 castle4:2303533 keep3:2256732 eidolon:1628523 keep2:1555245 castle5:1514618 thomas:983275 village3:813604 demo1:278592 cath:215296,27,56,17,breakable:0.08 button:0.02,1,2.4,61,0,126,celt2:33173 rtex043~79b8:3538 rtex121:2448 rtex011:2016 rtex006:1834 rtex041:1589,rtex006:57129 rtex342~6f88:51145 rtex041:25513 #rtex153:21817 rtex008:18426 rtex165:15775,,ok,1,tower,-1252 -590 382 0 -135,-1279 -412 382 0 -105,
rtex004,rtex004,world,64x64,data1 portals,keep blackmarsh cathedral deathmatch,7809671,1068,keep1:3038486 demo2:1352973 tower:1165161 keep5:793176 keep3:746527 village2:438604 castle4:207535 ravdm2:54597 demo1:12611,52,30,19,breakable:0.09,1,2.5x1.8,59,0,117,rtex006:2336 rtex001:1588 rtex011:1429 rtex433~db92:1424 rtex008:1360 celt2:1309,rtex022:19594 rtex488:9813 rtex003:9799 rtex008:6859 rtex009:6237 rtex343~d686:5760,,ok,1,keep1,-50 1401 -96 55 0,-63 1292 -14 55 45,
rtex005,rtex005,world,64x64,data1 portals,blackmarsh cathedral deathmatch keep other,15462813,839,village1:5475792 village2:3493423 demo1:2643412 demo2:1749443 tower:829945 ravdm2:716663 keep2:379803 castle4:96207 demo3:54352 thomas:22288 village3:1040 cath:445,96,4,0,,2,2.2,68,15,121,rtex022:1450 rtex001:1296 rtex089:832 rtex043~79b8:751 rtex121:648 rtex421~fef7:472,rtex022:67303 trimtex:26012 rtex343~d686:17696 rtex001:10228 rtex020:8454 rtex080~41b7:5274,,ok,1,village1,991 1322 88 55 0,1067 1007 431 55 90,
rtex006,rtex006,world,64x64,data1 portals,other deathmatch keep blackmarsh cathedral,31706178,2372,monsters:15044864 ravdm2:6620120 keep5:4095890 keep3:1787492 tower:1444635 village3:1317548 village2:620303 keep2:374409 keep1:213484 cath:187432,3,92,6,breakable:0.82 static:0.66 door:0.02 button:0,1,3.5x2.2,65,11,114,celt2:6434 rtex395~9104:5722 rtex104:5328 rtex004:2336 rtex003:1834 rtex103:1784,rtex003:57129 rtex054:44480 rtex104:43001 rtex041:28845 rtex009:20989 rtex342~6f88:11087,,ok,1,monsters,-936 -1085 163 0 0,-986 -1085 163 0 0,
rtex008,rtex008,world,64x64,data1 portals,cathedral septimus deathmatch keep mazaera blackmarsh thysis other,16352722,4379,ravdm3:2123956 tower:1648136 romeric5:1569191 keep2:1550750 cath:869822 castle4:838186 eidolon:764956 village5:647196 meso8:644136 romeric4:598200 village3:541306 romeric7:498059 castle5:465728 romeric1:450208 rider2c:410021 keep1:334195 ravdm2:301056 keep5:259226 romeric2:245511 romeric3:238974 keep3:201550 meso4:183296 meso1:172880 meso3:172683 meso5:143360 meso6:116992 ravdm1:82568 village2:78055 egypt1:53446 rider1a:42448 egypt2:27888 demo3:23424 thomas:20935 village1:12237 egypt5:9856 demo2:9216 meso2:3072,33,34,33,door:8.6 breakable:1.4 mover:0.61 static:0.13 button:0.02,1,2,56,0,121,#skulls:3584 rtex406:3072 marbleseam:2688 rtex435~ebbe:2170 rtex476~c695:2096 +0tri:1787,rtex309:33255 rtex428:31916 rtex342~6f88:26794 rtex450:23051 #lava001:20212 rtex165:18659,,ok,1,ravdm3,409 474 158 55 0,499 357 197 55 90,
rtex009,rtex009,world,64x64,data1 portals,deathmatch cathedral keep blackmarsh other,4358481,743,ravdm2:2557202 castle4:1227509 keep5:288199 keep1:103552 village4:63765 thomas:61952 eidolon:44800 village2:7664 demo2:3840,14,11,76,door:0.19 breakable:0.18,1,3x2.8,69,5,129,rtex451~c3b6:1536 rtex001:809 rtex006:513 rtex022:294 rtex004:287 rtex099:270,rtex006:20989 +0rune1:13696 rtex342~6f88:11127 rtex001:8801 rtex343~d686:8679 rtex433~db92:7832,,ok,1,ravdm2,-397 -474 -50 -55 0,-487 -474 -179 -55 0,
rtex010,rtex010,world,64x64,data1 portals,keep blackmarsh cathedral,3234283,374,keep5:1636064 village5:1210420 keep4:177532 village4:101760 tower:101376 cath:4912 demo3:2220,100,0,0,,1,2.6x2.5,58,14,96,rtex028:1432 rtex457~7081:1296 rtex415~c6aa:874 celtbrown:576 rtex335:408 rtex451~c3b6:336,rtex038:7934 rtex006:4323 rtex030:3888 rtex003:3136 rtex001:3066 rtex028:2760,,ok,1,keep5,450 -778 88 55 0,546 -903 129 55 90,
rtex011,rtex011,world,64x64,data1 portals,cathedral blackmarsh keep deathmatch,3576803,1334,tower:1673357 village1:539008 village3:372566 castle5:318189 demo1:177594 castle4:164001 village2:120705 keep3:63671 ravdm2:62464 village5:33408 demo2:29312 keep2:22528,19,63,18,door:23 breakable:2.4 mover:1.8 static:0.46 button:0.11,1,1.5x2,51,0,112,rtex041:4475 rtex043~79b8:2480 rtex003:2016 rtex004:1429 rtex020:1104 rtex022:1066,rtex041:8230 rtex006:8044 rtex003:5924 rtex251:5085 rtex336:4626 sky000~adb1:3494,,ok,1,tower,588 819 404 0 90,588 584 404 0 90,
rtex012,rtex012,world,64x64,data1 portals,keep blackmarsh other cathedral,484654,193,keep5:286894 village1:174720 monsters:16384 demo1:2432 demo3:2432 tower:1792,50,41,9,door:22 static:13,1,2.9x0.62,76,0,135,rtex440~c299:3072 rtex041:913 rtex433~db92:624 rtex164:104,rtex006:1936 rtex011:1880 rtex433~db92:1536 rtex053:1024 rtex004:512 rtex028:512,,ok,2,keep5,478 -688 30 -55 0,451 -688 -9 -55 0,
rtex013,rtex013,world,128x128,data1,blackmarsh,63872,6,village3:41984 demo1:21888,5,90,5,door:66,1,1,58,0,90,,rtex028:592 rtex011:304,,ok,1,village3,-286 -768 806 0 180,-197 -768 806 0 180,
rtex014,rtex014,world,128x128,data1 portals,keep blackmarsh cathedral,169600,13,keep1:65536 cath:43264 village3:38912 demo1:21888,2,58,40,door:87,1.1,1,55,0,89,,rtex028:592 rtex121:288,,ok,1,keep1,-1703 64 635 -55 0,-1857 64 415 -55 0,
rtex015,rtex015,world,320x256,data1,cathedral blackmarsh,601120,48,cath:457392 village5:143727,0,17,83,,1,0.5x0.92,64,34,85,rtex040:96,rtex008:4374 rtex028:1400 sky001~6566:960 rtex038:894 rtex040:515 rtex030:496,,ok,1,cath,-616 1347 426 -55 45,-683 1280 290 -55 45,
rtex018,rtex018,world,64x256,data1 portals,cathedral blackmarsh keep,4005073,667,cath:1599086 village5:930110 keep3:401152 village2:352140 castle5:197091 keep5:172032 tower:112328 demo3:108781 keep1:80384 demo1:51968,8,84,8,breakable:100,1,2x0.88,88,0,168,,,,ok,1,cath,-1564 513 373 0 -30,-1585 644 373 0 -60,
rtex019,rtex019,world,64x128,data1 portals,keep blackmarsh,692667,98,keep5:332192 village3:168688 keep2:83910 demo3:58240 village2:42149 keep4:7488,63,25,11,door:7.8 button:1.1,1,2.5x1.1,73,2,153,rtex028:1040 rtex103:704 rtex440~c299:464 rtex388~6280:296 rtex053:256 rtex011:176,rtex004:1575 rtex165:1429 rtex020:1208 rtex103:1080 rtex022:853 rtex011:503,,ok,1,keep5,2162 1105 39 -55 1,2122 1167 -55 -55 -45,
rtex020,rtex020,world,64x128,data1 portals,blackmarsh cathedral keep,19844015,1274,cath:5900372 demo1:4052562 demo3:3802608 village5:2856044 village2:2093167 demo2:1085758 keep5:53504,1,82,18,door:0.16 breakable:0.08,1.5,2.6x1.2,73,17,144,rtex028:3713 rtex001:2050 rtex425~df8d:1653 rtex011:1104 +0rune1:912 rtex226:832,rtex053:37712 rtex073:34499 sky001~6566:25864 rtex040:18569 #lowlight~a060:17351 rtex005:8454,,ok,1,cath,-2119 948 343 0 -90,-2119 1014 343 0 -90,
rtex021,rtex021,world,64x128,data1 portals,blackmarsh keep cathedral other,1755506,387,village2:424380 village4:404188 keep3:316693 village5:204352 demo1:203894 village1:69808 cath:46082 thomas:43520 castle4:29533 keep4:13056,0,99,1,,1,2x0.88,62,8,123,rtex041:1706 rtex099:1580 rtex028:1008 rtex359~47da:416 rtex029:304 rtex022:156,rtex022:10154 rtex336:8470 rtex040:6960 rtex498~f948:4736 rtex028:2992 rtex214:2529,,ok,1,village2,-196 131 -430 0 90,-196 84 -430 0 90,
rtex022,rtex022,world,64x176,data1 portals,blackmarsh cathedral other keep,78493193,5560,demo2:18451111 village1:18032253 village2:17329198 village4:8968652 demo1:5186486 demo3:2365378 village3:2180969 tower:1769776 thomas:1484233 cath:1391764 castle4:866522 keep3:466853,2,90,8,breakable:1.2 static:0.63 door:0.05 mover:0.02,1,3.2x1.2,73,1,143,trimtex:67643 rtex028:25742 rosearch:9822 sky001~6566:4964 rtex029:4021 rtex147~7c03:3020,sky001~6566:136468 rtex164:78433 rtex005:67303 rtex028:59289 trimtex:29455 rtex041:25723,,ok,1,demo2,848 968 322 0 90,848 716 322 0 90,
rtex023,rtex023,world,64x128,data1,mazaera,882137,73,meso3:873604 meso2:8533,0,99,1,door:1.9,1,2.2x1.6,58,4,103,rtex099:368 rtex030:315 rtex277:128,rtex099:10221 rtex276:3610 rtex277:2226 rtex103:1205 mtex470:352 biessman:320,,ok,1,meso3,1815 1079 -99 0 90,1815 886 -99 0 90,
rtex028,rtex028,world,64x128,data1 portals,thysis blackmarsh keep septimus cathedral other mazaera deathmatch,28725326,12415,egypt5:2796014 village4:2325532 egypt1:2114428 keep1:1887173 keep5:1806923 monsters:1711360 cath:1693899 egypt2:1413304 egypt4:1400306 village1:1253620 demo1:1152708 demo2:1077341 tower:788639 village2:773848 romeric1:715765 romeric7:585856 village5:557343 egypt3:554388 romeric3:540233 keep4:460641 romeric5:443109 egypt7:412176 romeric4:373315 romeric2:351982 egypt6:341650 village3:318090 demo3:264525 rider2c:228352 castle4:114648 thomas:111736 keep3:103687 meso8:20480 ravdm1:16896 romeric6:15360,20,54,26,door:5.1 static:4.4 breakable:1.9 mover:0.93 button:0.85 plaque:0.79,1,1.2x0.8,63,0,145,rtex337:37279 rtex022:25742 rtex038:14156 marble:11643 rtex040:7613 rtex322:5341,rtex337:97262 rtex022:59289 rtex422~cba5:56522 rtex038:49040 rtex309:47792 rtex255:18748,,ok,1,egypt5,-2031 -1056 -242 -55 0,-2085 -1056 -320 -55 0,
rtex029,rtex029,world,64x128,data1 portals,blackmarsh thysis keep other cathedral mazaera,6601158,2315,egypt5:826266 keep5:750266 egypt1:679148 village2:617522 village4:543984 demo1:534973 thomas:511991 village5:476340 cath:412585 egypt6:381321 keep1:254302 demo2:168615 egypt3:149367 egypt7:96006 egypt2:84945 village1:50304 meso5:32768 egypt4:24771 demo3:4352 tower:1333,15,59,26,breakable:9.8 door:4.2 mover:3.3 plaque:0.01,1,1.4x0.69,59,0,122,rtex337:4200 rtex022:4021 rtex001:3824 rtex028:3166 rtex065:2632 rtex124:2232,rtex337:25535 rtex022:14539 rtex322:10589 rtex028:9183 rtex038:8284 rtex001:6048,,ok,1,egypt5,-2066 328 38 -55 0,-2120 328 -40 -55 0,
rtex030,rtex030,world,64x128,data1 portals,keep blackmarsh mazaera cathedral thysis,3333746,1109,meso3:810238 keep3:710780 village2:541715 village4:321152 keep4:245868 keep5:243919 village5:147232 cath:83052 egypt1:77438 meso4:43776 demo1:33792 meso6:31744 village1:17556 demo2:16462 meso5:6144 village3:2878,23,41,36,door:0.72 breakable:0.6 button:0.22,1,2x0.88,69,5,130,rtex040:5314 celt2:3606 rtex415~c6aa:3416 trimtex:3286 rtex028:2169 rtex488:1874,rtex099:22936 rtex028:6203 #lowlight~a060:5312 rtex126:5088 rtex113:4895 rtex010:3888,,ok,1,meso3,2142 939 -122 -55 0,2088 939 -200 -55 0,
rtex031,rtex031,world,64x128,data1 portals,other keep septimus blackmarsh,4818791,770,monsters:3312102 keep1:1287315 keep5:106331 romeric4:97835 village2:8691 village1:6517,12,66,22,breakable:0.14 door:0.02,1,3.2x1,50,0,111,rtex090:174 rtex154:82 celt2:32,rtex054:14304 rtex488:7991 rtex416~f60c:3671 rtex006:3584 rtex102:2882 rtex335:2833,,ok,1,monsters,-426 -1104 142 -55 0,-438 -1206 64 -55 45,
rtex032,rtex032,world,64x128,data1,septimus,66027,25,romeric3:59392 romeric7:4043 romeric1:2592,16,71,14,door:62 breakable:28,1,2x1,29,0,79,,rtex253:643 rtex125:476 rtex311:231 rtex103:96 rtex313:8,,ok,1,romeric3,2266 1920 14 0 180,2331 2010 14 0 -150,
rtex033,rtex033,world,64x128,data1,septimus,251680,441,romeric3:182099 romeric7:20874 romeric1:20874 romeric2:13916 romeric4:6958 romeric5:6958,6,86,8,,1,0.67,48,0,142,rtex422~cba5:224 rtex508~9408:96,rtex422~cba5:6404 rtex509:5552 rtex421~15b9:3423 rtex508~9408:3273 rtex257:1104 rtex441~3aaf:336,,ok,1,romeric3,2127 1957 -8 0 -90,2001 2074 -8 0 -60,
rtex034,rtex034,world,64x128,data1 portals,keep cathedral blackmarsh other,5611921,881,keep4:1846029 cath:1097987 keep3:1027394 demo1:560665 keep5:375208 tower:196105 keep2:169545 village2:164402 village1:129288 demo2:21504 village3:15602 monsters:8192,85,7,8,,1,2x1.1,59,15,106,rtex090:888 rtex028:853 rtex447~7f05:764 rtex040:348 rtex053:336 rtex446~9a2e:264,rtex001:16636 rtex342~6f88:12949 rtex020:6952 rtex450:6369 rtex040:6033 rtex073:4182,,ok,1,keep4,-685 -281 27 55 0,-823 -281 111 40 0,
rtex036,rtex036,world,64x128,data1,mazaera,79360,19,meso6:79360,100,0,0,,1,0.5x1.8,108,63,146,,mtex450:4912 rtex274:688 rtex099:64,,ok,1,meso6,-108 -895 -74 55 0,-135 -895 -35 55 0,
rtex038,rtex038,world,64x128,data1 portals,blackmarsh cathedral keep other,20302868,2497,cath:6241638 village5:4083184 village1:3615031 village2:2946987 keep5:1046173 village4:762816 keep3:493656 village3:492096 demo1:360262 keep1:224346 thomas:30281 tower:6400,6,93,1,door:0.11 breakable:0.08 button:0.01,1,2x1.1,59,5,111,rtex043~79b8:17070 rtex028:14156 rtex082:2720 rtex040:1917 rtex041:1120 rtex116:836,rtex040:59083 rtex028:49040 rtex043~79b8:41172 sky001~6566:22222 rtex041:19924 rtex008:13611,,ok,1,cath,311 838 61 0 0,67 838 61 0 0,
rtex039~6080,rtex039,world,64x128,data1,blackmarsh,302559,69,village2:133888 village3:130911 demo1:36736 village5:1024,29,58,13,,1,2x1.5,100,52,122,rtex214:528 rtex020:184 rtex226:128 rtex052:104 rtex054:64 rtex164:16,#lava000:1307 rtex058:736 rtex020:728 rtex043~79b8:705 rtex121:464 rtex150:462,,ok,1,village2,214 208 -162 0 180,214 208 -162 0 180,
rtex039~df99,rtex039,world,64x128,portals,keep,2735436,345,keep4:1741768 keep5:993668,3,2,95,,1,2.8x1,52,0,101,rtex020:480 rtex058:408 rtex137:288 rtex019:152 rtex355:112 rtex413~5d51:105,rtex001:24582 rtex415~c6aa:4368 rtex003:2738 rtex137:2351 rtex058:2224 rtex439~5f18:2048,,ok,1,keep4,-86 -322 1 -55 0,-32 -478 -53 -40 90,
rtex040,rtex040,world,64x128,data1 portals,keep blackmarsh cathedral,25754179,2501,keep5:8002754 cath:6380859 village5:2383504 demo1:2188225 village4:2149901 keep3:2135545 village2:1644992 keep2:299613 village1:290256 keep4:97275 tower:95303 demo2:36160 castle5:30720 village3:19072,21,44,35,door:0.07 button:0,1,2.8x1.4,55,6,109,rtex028:7613 rtex030:5314 rtex357~63d4:2032 rtex038:1917 rtex490:1344 rtex099:1304,rtex038:59083 rtex058:29417 rtex041:21851 rtex020:18569 rtex028:16457 #lowlight~a060:13458,,ok,1,keep5,-2663 -352 400 0 -134,-2573 -411 400 0 -164,
rtex041,rtex041,world,64x128,data1 portals,keep blackmarsh cathedral other septimus deathmatch,19643824,5839,keep1:3653034 tower:3567601 village3:3427020 keep3:3112487 keep5:1797353 monsters:1054307 village1:782241 cath:740819 village2:636641 demo3:488933 demo2:274397 romeric7:75520 castle4:12466 ravdm5:10829 keep4:10176,25,37,37,breakable:7.5 door:5.2 static:0.83 mover:0.82,1,1x1.4,57,0,120,rtex011:4475 rtex058:4339 rtex073:2840 rtex175:2712 rtex022:2694 rtex042:2136,rtex054:28938 rtex006:28845 rtex022:25723 rtex003:25513 rtex043~79b8:24755 rtex040:21851,,ok,1,keep1,-2218 -448 766 -55 0,-2230 -550 688 -55 45,
rtex042,rtex042,world,64x128,data1 portals,keep blackmarsh cathedral,1287922,231,keep5:645778 keep3:446916 village4:174592 tower:17928 cath:2708,16,49,35,breakable:21 door:18 plaque:0.21,1,2.3x1,54,0,119,rtex041:2136 rtex004:480 celt2:384 rtex099:244 rtex429~0a31:136,rtex041:12024 rtex420~c65d:4864 trimtex:1840 rtex073:1632 rtex415~c6aa:1520 rtex429~0a31:1204,,ok,2,keep5,1250 -1275 193 -55 0,1304 -1158 103 -55 -90,
rtex043~79b8,rtex043,world,64x128,data1 portals,blackmarsh keep cathedral,14651811,3683,keep2:5270892 village1:2741468 village2:1964480 village3:1682169 keep3:608149 demo2:512041 demo1:445923 demo3:433345 tower:419520 keep5:382464 cath:92160 village5:42240 keep1:39296 village4:17664,39,28,33,breakable:12 door:4.4,1,1.6x1.1,71,1,132,rtex038:17070 rtex175:6912 rtex450:4380 rtex174:4010 rtex121:3811 rtex003:3538,rtex038:41172 rtex450:29322 rtex041:24755 rtex103:17288 rtex003:14318 rtex008:13814,,ok,1,keep2,1061 712 103 -55 0,1119 558 -35 -55 90,
rtex043~da9d,rtex043,world,64x128,data1,thysis,51663,12,egypt5:51663,35,30,35,door:100,1,0.75x1.6,6,0,15,,,,ok,1,egypt5,7 2108 -394 0 180,98 2108 -394 0 180,
rtex044,rtex044,world,64x128,data1,mazaera,1963532,125,meso2:1963532,99,0,0,,1,3.1x1.8,208,135,254,,rtex274:5352 biessman:4284 mtex487:3440 rtex045:1097 rtex278:874 rtex119:730,,none,1,,,,
rtex045,rtex045,world,64x128,data1,mazaera,3498803,475,meso2:3498803,9,83,8,,1,2.8x0.69,150,61,255,rtex103:160,#lava000:26959 rtex103:3765 rtex095:2478 rtex044:1097 rtex102:954 rtex105:687,,ok,1,meso2,-671 -205 27 -31 -180,-461 -37 -126 -31 -150,
rtex047,rtex047,world,96x128,data1,cathedral blackmarsh,356611,55,cath:323203 village5:33408,0,100,0,,1,0.67x1.7,38,0,97,rtex008:49,rtex038:2524 rtex040:1863 rtex008:1712 rtex030:962 rtex074:607 rtex010:240,,ok,1,cath,-341 1354 264 0 0,-576 1354 264 0 0,
rtex050,rtex050,world,64x128,data1,mazaera,774972,93,meso3:531978 meso2:242994,0,100,0,,1,2.5x0.69,52,10,91,rtex333:1024 rtex278:104 rtex277:104,rtex099:5692 mtex458:2854 mtex470:2592 rtex331:1808 mtex448:832 rtex272:616,,ok,1,meso3,-134 1222 2 0 -90,-134 1424 2 0 -90,
rtex052,rtex052,world,64x64,data1 portals,blackmarsh keep cathedral,3376283,295,village3:1355952 keep5:936533 keep3:437172 cath:387989 demo3:248688 demo2:9950,72,9,19,,1,3.2x2.4,71,24,129,rtex384~f1a1:1600 rtex380~9435:1296 rtex457~7081:560 rtex028:392 rtex388~6280:376 rtex058:360,rtex058:8476 rtex040:7101 rtex022:5022 rtex006:3221 rtex053:1872 rtex004:1731,,ok,1,village3,-690 202 302 55 0,-717 202 341 55 0,
rtex053,rtex053,world,64x64,data1 portals,blackmarsh cathedral keep other,15365358,1367,demo2:3004885 keep5:2864609 demo3:2163529 cath:2010434 demo1:1988880 village2:1416943 eidolon:792833 thomas:710931 village5:177984 village3:94208 village1:74128 castle4:65994,24,45,31,door:2.2 breakable:0.75,1,3.1x2.6,57,4,108,rtex058:3467 rtex388~6280:2584 rtex426~6123:1940 rtex335:936 rtex022:776 celt2:592,rtex020:37712 rtex022:21057 rtex003:13999 #lowlight~a060:13859 rtex388~6280:10864 rtex065:7621,,ok,1,demo2,287 1691 206 55 0,229 1691 289 55 0,
rtex054,rtex054,world,64x64,data1 portals,other keep cathedral blackmarsh,13291907,1290,monsters:9293199 keep1:2376592 cath:528340 keep2:225984 village3:216238 tower:206336 village1:175563 demo2:124297 village4:44238 keep5:36864 demo1:32768 village2:13056 thomas:12288 eidolon:6144,62,28,10,door:6.2 breakable:0.12 button:0.03,1,3,91,16,142,celt2:6873 rtex043~79b8:1216 sky000~adb1:1152 rtex104:960 rtex028:831 rtex488:683,rtex006:44480 rtex041:28938 rtex031:14304 #lowlight~a060:13303 #lava000:7680 rtex059:5888,,ok,1,monsters,-1370 -1238 -49 55 135,-1525 -1200 41 55 0,
rtex058,rtex058,world,64x128,data1 portals,blackmarsh keep cathedral,10698206,1333,village3:5589983 keep5:3394252 cath:889698 village5:519845 demo2:159335 demo3:87180 keep4:57912,3,86,11,breakable:0.89,1,2.5x1.2,51,4,104,rtex041:4339 rtex053:3467 rtex008:1016 rtex029:796 rtex028:720 rtex040:720,rtex040:29417 rtex041:12863 #lowlight~a060:9699 rtex052:8476 rtex020:6875 rtex164:6577,,ok,1,village3,512 -288 497 0 -90,221 -288 497 0 -30,
rtex059,rtex059,world,64x128,data1 portals,other keep thysis cathedral,3276088,920,monsters:1432992 keep5:730257 egypt1:587706 keep1:347255 tower:168243 egypt5:9636,24,52,24,static:22 button:0.25 breakable:0.04,1,1.1x1.2,67,0,127,rtex028:1418 rtex340~6ce4:251 rtex362~b302:160 rtex003:104 rtex322:34 rtex337:1,rtex054:5888 rtex337:5303 rtex041:3850 rtex003:2954 rtex104:2432 #lowlight~a060:1953,,ok,1,monsters,-1535 -1027 78 -55 0,-1531 -1027 21 -65 0,
rtex060,rtex060,world,64x128,data1,mazaera,242816,44,meso5:242816,100,0,0,,1,2.1x1.2,40,17,71,,rtex274:1501 rtex096:1086 rtex277:724 rtex103:691,,ok,1,meso5,-1291 3475 -30 55 0,-1331 3359 96 55 45,
rtex062,rtex062,world,128x128,data1,blackmarsh,23784,4,demo1:23784,0,97,3,button:8,1.1,0.98x1,109,115,115,rtex081:304,rtex040:288 rtex028:198,,ok,1,demo1,117 -2004 234 0 -120,197 -1866 234 0 -120,
rtex063,rtex063,world,128x128,data1,blackmarsh cathedral,289216,29,village2:123072 rider1a:64000 demo1:50816 castle4:38912 village1:12416,2,98,1,door:31,1,0.99x1,93,0,161,rtex029:224,rtex415~c6aa:1856 rtex028:1088 rtex020:1024 rtex022:512 rtex012:336 rtex099:288,,ok,1,village2,-1444 -817 -557 0 180,-1150 -817 -557 0 180,
rtex065,rtex065,world,128x128,data1,blackmarsh,886265,64,village2:686080 demo1:200185,0,100,0,,1,1.4x1.6,44,12,76,rtex029:2632 rtex102:236,rtex053:7621 rtex099:1636 rtex113:997 rtex022:876 rtex034:727 rtex001:654,,ok,1,village2,173 -252 -319 0 180,267 -252 -319 0 180,
rtex066,rtex066,world,128x128,data1 portals,keep other mazaera,17721832,1477,keep1:7797449 thomas:4573730 keep4:2152010 keep2:1738816 meso6:1459828,15,64,21,,1,1x1.1,36,0,86,rtex413~5d51:1662 rtex004:651 rtex474~ab7c:416 #lowlight~a060:344 rtex459~e725:229 rtex001:213,#lowlight~a060:22128 rtex413~5d51:9065 rtex437~f2cf:8599 rtex485~f756:6259 rtex099:3665 rtex004:2750,,ok,1,keep1,1437 1550 277 -24 28,1171 1408 144 -24 28,
rtex067,rtex067,world,128x128,,,0,0,,,,,,,,,,,,,,unused,,,,,
rtex068,rtex068,world,128x128,data1,blackmarsh cathedral,1476140,59,demo1:874880 cath:601260,0,100,0,,2.4x2.3,1.5x0.98,46,22,67,rtex029:1464 rtex028:650 rtex006:158 rtex038:102 rtex020:62 rtex005:32,rtex040:8894 rtex005:2952 rtex006:660 rtex020:588 rtex028:364 rtex058:184,,ok,1,demo1,-2174 -540 -21 0 90,-2174 -760 -21 0 90,
rtex070,rtex070,world,64x128,data1,mazaera,394,2,meso3:394,0,92,8,,1,1.2x0.5,1,0,0,,biessman:266,,ok,1,meso3,-1239 67 -89 -55 -179,-1198 67 -148 -55 -180,
rtex072,rtex072,world,64x64,data1 portals,other deathmatch cathedral keep blackmarsh,4515851,556,monsters:2437950 ravdm5:1333133 tower:259254 cath:152380 keep1:137728 village3:52530 castle4:40704 village1:21333 village4:20480 demo2:19976 thomas:17920 keep5:16448 demo3:3456 demo1:2560,29,50,20,door:52 static:0.82 mover:0.45 breakable:0.02,1,3x3.2,80,12,176,rtex054:256 rtex121:256 rtex328:240 rtex028:168 rtex214:160 #rtex153:144,rtex103:12927 rtex272:7583 sky001~6566:5686 rtex053:4253 rtex121:3456 rtex054:2714,,ok,1,monsters,-85 1148 25 55 0,-211 1148 205 55 0,
rtex073,rtex073,world,64x64,data1 portals,cathedral blackmarsh keep other deathmatch septimus mazaera thysis,5095368,2233,cath:1347318 village5:1068626 eidolon:558533 keep1:316075 demo2:291177 thomas:280005 tower:247132 ravdm5:205824 village4:205568 demo1:200501 keep4:85193 village3:77833 village2:56056 keep3:35969 romeric3:33792 meso2:33422 village1:33232 demo3:9792 romeric1:6656 egypt1:2664,13,73,14,door:12 breakable:4.4 mover:4 plaque:0.32 button:0.18,1,1.5x1.1,57,0,123,rtex099:3120 rtex041:2840 rtex003:1280 rtex020:688 rtex001:468 rtex043~79b8:440,#lowlight~a060:48972 rtex020:34499 rtex040:7886 rtex053:7597 rtex001:7404 sky001~6566:6868,,ok,1,cath,466 1451 -408 0 -150,555 1503 -408 0 -150,
rtex074,rtex074,world,64x64,data1 portals,cathedral keep deathmatch blackmarsh other,4219104,473,keep5:1488172 cath:762228 castle5:617728 ravdm2:600064 eidolon:397312 village5:226624 keep4:118784 monsters:8192,91,0,9,door:0.78,1,2.5x2.2,67,20,120,rtex122:1408 rtex226:544 rtex040:416 rtex335:384 rtex029:320 rtex028:128,rtex336:7313 rtex038:6813 rtex028:6674 rtex342~6f88:4792 rtex003:4317 rtex030:2816,,ok,1,keep5,1558 461 -2 55 0,1807 302 191 55 135,
rtex075,rtex075,world,64x64,data1 portals,blackmarsh keep cathedral,733744,414,keep5:302755 demo1:264599 demo2:96582 cath:38511 village3:29248 village2:2048,63,29,7,,1,1.6x1,53,2,93,rtex040:315,rtex439~5f18:3424 rtex003:3350 rtex006:2112 rtex225:1761 rtex028:1632 rtex020:1316,,ok,1,keep5,-542 -1194 255 0 -116,-510 -1130 255 0 -116,
rtex076,rtex076,world,64x64,data1,mazaera,542365,138,meso6:453248 meso1:58529 meso5:23933 meso4:6656,85,12,3,door:0.8,1,1.5x1.8,68,20,128,rtex099:64 rtex275:64 rtex328:32,rtex274:5167 mtex450:3904 rtex077:3095 rtex328:2544 rtex125:2378 rtex270:1728,,ok,1,meso6,-1012 -886 262 55 0,-1078 -886 265 40 0,
rtex077,rtex077,world,64x64,data1,mazaera,2841025,309,meso6:2430849 meso5:222720 meso4:137344 meso1:50112,8,2,90,,1,2.4x2.5,74,27,122,rtex099:560 #rtex078:304 mtex470:73 rtex274:64,rtex274:20945 rtex099:16015 mtex450:11920 rtex272:10178 rtex270:5504 rtex328:4480,,ok,1,meso6,102 -910 -202 -55 0,36 -910 -205 -40 0,
rtex080~41b7,rtex080,world,64x64,data1,deathmatch cathedral,789186,55,ravdm2:647168 cath:142018,100,0,0,,1,3x3.5,49,15,102,,rtex005:5274 rtex006:3507 rtex038:2198 rtex427~24c7:2171 rtex342~6f88:704 rtex040:385,,ok,1,ravdm2,-98 1128 -50 55 90,-98 1132 58 70 90,
rtex080~6280,rtex080,world,64x64,data1,septimus mazaera,5138303,391,romeric2:2191445 romeric5:999168 meso3:643370 romeric1:439040 meso1:416768 romeric7:256000 romeric3:192512,99,1,0,door:0.48,1,2.8x2.9,59,8,103,rtex468:512 rtex441~3aaf:448 rtex500~eded:160 rtex469~cfbf:128 rtex276:64 rtex241:48,rtex259:14576 rtex449:9350 rtex437~2f52:5494 rtex256:3568 rtex427~cc5e:3281 rtex422~cba5:2800,,ok,1,romeric2,176 1416 16 55 0,31 1416 222 55 0,
rtex081,rtex081,world,64x128,data1 portals,blackmarsh cathedral keep,666247,88,village5:258112 cath:128231 tower:74816 keep3:63840 demo1:52288 castle5:32768 keep4:27648 keep5:16896 village2:11648,7,89,3,door:18 breakable:15 button:5.3,1.1x1,1.1x1,69,0,128,rtex038:750 rtex029:512 rtex062:304 rtex040:27,rtex030:3161 rtex038:2814 rtex008:1752 rtex029:1580 rtex336:1280 rtex226:800,,ok,1,village5,-1101 1116 397 0 90,-1376 861 397 0 60,
rtex082,rtex082,world,128x112,data1 portals,blackmarsh keep cathedral,1098641,58,village4:458752 keep3:308288 village2:273344 tower:58257,1,98,1,breakable:33 static:12,1.7x2,1,70,0,181,rtex038:2720 rtex450:848 rtex040:720 marble:624 rtex004:472 rtex099:112,marbleseam:1872 rtex415~c6aa:1824 rtex038:1568 rtex226:1172 marble:624 rtex008:464,,ok,2,village4,2315 230 247 0 90,2497 61 247 0 120,
rtex083,rtex083,world,64x64,data1 portals,cathedral blackmarsh keep,2559642,288,cath:802696 tower:490736 keep3:449874 village5:343888 demo1:267264 village2:93568 keep1:92160 keep2:19456,40,19,40,breakable:100,1,3,56,0,146,,,,ok,1,cath,1118 1520 -243 -55 0,983 1520 -436 -55 0,
rtex085,rtex085,world,16x64,data1 portals,keep blackmarsh cathedral septimus,147913,107,keep4:29184 demo2:28259 tower:26140 romeric7:22656 keep5:19310 keep3:13824 village2:8540,8,80,12,door:47 mover:20 breakable:15,1,1x2.3,43,0,141,rtex110:96 rtex104:28,rtex221:1472 rtex226:254 rtex214:173 rtex012:72 rtex121:68 rtex103:54,,ok,1,keep4,-603 -265 -35 -55 0,-669 -265 -38 -40 0,
rtex086,rtex086,world,32x32,data1 portals,keep blackmarsh,39184,15,keep1:30720 demo2:5888 village2:2576,0,97,3,breakable:93 door:6.6,1,3x1,22,0,70,rtex041:512 rtex107:160,rtex041:384 rtex113:240 rtex030:144 rtex156:32,,ok,1,keep1,512 -1426 -2 0 90,512 -1560 -2 0 90,
rtex087,rtex087,world,32x32,data1 portals,keep cathedral blackmarsh,106544,96,keep2:57856 tower:17264 keep1:10240 village3:9920 demo2:5888 keep3:5376,5,88,8,breakable:95 door:5.3,1,1,42,0,106,rtex439~5f18:408 rtex181:352 rtex107:336 rtex108:224 rtex043~79b8:208 rtex179:64,rtex041:384 rtex439~5f18:208 rtex181:208 rtex030:144 rtex043~79b8:64 rtex156:32,,ok,1,keep2,-568 1120 150 0 180,-496 1120 150 0 180,
rtex088,rtex088,world,128x144,data1 portals,blackmarsh keep,282398,54,village1:161204 keep3:73728 village2:47465,87,12,0,,1,1,113,85,144,rtex336:1088 rtex113:1088,rtex043~79b8:3591 rtex112:1104 rtex038:984,,ok,1,village1,-602 1148 264 55 0,-643 1148 323 55 0,
rtex089,rtex089,world,128x144,data1 portals,blackmarsh keep,213164,36,village1:68806 keep2:54144 demo2:43008 village2:27646 village3:19560,91,9,0,breakable:1.1,1,1,122,85,167,rtex043~79b8:1472 rtex005:832 rtex097:92,rtex043~79b8:2600 rtex038:492 rtex104:320 rtex097:40,,ok,1,village1,526 2555 88 55 0,504 2555 119 55 0,
rtex090,rtex090,world,112x160,data1 portals,blackmarsh cathedral keep,304426,85,village1:113901 demo1:61984 village3:38585 tower:38016 village2:18464 cath:17860 keep2:15616,86,8,6,breakable:14,1,1x0.94,79,6,111,rtex034:888 rtex004:480 rtex043~79b8:360 rtex031:174,rtex043~79b8:1808 rtex112:1068 marbleseam:544 rtex008:544 rtex349~aa18:532 rtex031:82,,ok,1,village1,-1193 2352 86 55 0,-1193 2352 86 55 0,
rtex091,rtex091,world,64x128,data1 portals,blackmarsh keep,96688,22,demo3:61600 keep5:26827 keep4:8261,12,76,12,breakable:100,1,2x0.81,45,0,91,,rtex173:1089 rtex059:164 celt2:129,,ok,1,demo3,1588 -640 -198 0 180,1722 -640 -198 0 180,
rtex092,rtex092,world,64x96,data1 portals,blackmarsh keep,485184,88,village1:235712 demo2:102144 keep2:84992 demo3:27904 keep1:17408 keep3:12800 village3:4224,4,93,4,door:88,1.6x1.4,1,21,0,69,rtex001:304 rtex429~0a31:240 rtex041:16,rtex073:4128 rtex011:1824 rtex008:1808 rtex103:864 rtex121:592 rtex041:528,,ok,1,village1,-972 2233 234 0 90,-972 2176 234 0 90,
rtex094,rtex094,world,64x64,data1 portals,keep mazaera thysis cathedral,442058,194,keep2:158763 meso2:152095 egypt4:67584 egypt6:33792 tower:25728 meso4:4096,18,71,11,door:35 breakable:29,1,2.5x0.38,51,0,112,rtex105:848 rtex502~77eb:664 rtex450:448 rtex103:336 rtex444~e23c:128,rtex103:2532 rtex450:2387 rtex008:2022 rtex043~79b8:1909 rtex506:1362 rtex458~0bdd:1308,,ok,1,keep2,288 1164 -49 -34 -90,288 1257 -33 -6 -90,
rtex095,rtex095,world,64x64,data1 portals,cathedral blackmarsh mazaera septimus deathmatch keep thysis,5236549,2129,castle4:3863394 demo1:400412 meso2:263959 village2:192890 ravdm5:186496 romeric7:149460 keep1:61585 romeric1:53694 demo3:33938 village5:16384 keep4:5120 meso3:5120 egypt3:4096,16,63,20,door:4.8 mover:0.33 breakable:0.27 plaque:0.1,1,1x1.7,47,0,96,rtex100:640 rtex020:384 rtex343~d686:224 rtex028:204 rtex160:128 rtex103:128,#rtex153:10144 rtex215:9875 rtex103:5600 rtex028:5212 rtex160:4337 rtex001:3568,,ok,1,castle4,800 1848 -218 0 90,800 1596 -218 0 90,
rtex096,rtex096,world,64x64,data1 portals,mazaera septimus keep cathedral,2990025,1805,meso2:787127 meso9:688128 romeric5:446229 meso5:293076 romeric3:201368 castle5:198837 keep2:191128 romeric2:76484 romeric4:48128 keep1:24192 meso3:18432 romeric1:16896,34,50,16,door:23 breakable:2.9 mover:2.2 static:0.26,1,1.9x1.8,99,0,255,rtex103:2736 rtex043~79b8:1405 rtex147~96f2:824 rtex274:288 rtex416~f60c:224 rtex310:192,rtex103:17054 mtex458:8960 rtex008:7408 rtex111:6912 rtex274:4710 rtex422~cba5:3922,,ok,1,meso2,-597 -177 49 -55 0,-755 35 -126 -40 -45,
rtex097,rtex097,world,64x64,data1,mazaera blackmarsh,85798,54,meso6:65024 meso4:18432 village1:2342,41,36,24,breakable:2.7,1,0.75,40,0,87,rtex099:192 rtex278:96 rtex089:92 rtex008:32,rtex125:4096 rtex333:3424 rtex334:960 rtex278:416 rtex008:176 rtex286:128,,ok,1,meso6,530 -237 -57 -55 -135,471 -151 -60 -40 -90,
rtex099,rtex099,world,64x64,data1 portals,mazaera cathedral keep blackmarsh thysis septimus,18479328,10587,meso6:4032391 meso3:3365862 castle4:2936395 meso8:1832100 meso1:1512045 keep3:1279215 castle5:1265904 meso4:948883 demo1:493043 village5:349757 keep1:262062 village4:81099 village2:42164 tower:28202 egypt5:15031 romeric2:11520 demo3:11008 demo2:6248 village1:4032 egypt2:1280 village3:1088,21,54,25,mover:18 door:12 breakable:1.1 button:0.24 plaque:0.1 static:0.06,1,1.5x1.2,52,0,122,rtex073:3120 rtex439~5f18:2696 rtex277:1680 rtex272:1631 rtex274:1622 rtex021:1580,rtex030:22936 rtex227:21991 rtex272:18753 rtex274:18408 rtex001:16867 rtex077:16015,,ok,1,meso6,340 648 -152 -31 64,279 528 -232 -31 63,
rtex100,rtex100,world,64x64,data1,mazaera septimus,3437900,1186,meso3:3359499 romeric7:56320 romeric3:17920 meso6:4161,27,49,24,door:0.12,1,1.1x1,81,34,109,rtex476~1b68:1024 rtex095:640,#lowlight~a060:29200 rtex099:5376 rtex103:2688 rtex276:1447 rtex422~cba5:1152 rtex439~2bcd:704,,ok,1,meso3,1073 1093 -432 0 180,1106 868 -432 0 120,
rtex102,rtex102,world,64x64,data1 portals,keep blackmarsh other thysis mazaera deathmatch cathedral,5618664,2089,keep1:3999956 monsters:294912 egypt5:262508 keep5:193559 rider1a:159387 rider2c:112221 demo1:94336 village4:85984 keep4:81472 meso5:74730 ravdm1:72673 tower:57913 demo3:47996 meso2:42737 village3:21319 village2:16960,25,49,26,door:18 static:7.5 mover:1.4 breakable:0.24 plaque:0.11 button:0.07,1,1.8x1.5,52,0,122,rtex485~f756:1669 rtex488:1173 rtex165:768 rtex041:456 rtex104:416 celt2:288,rtex488:19345 rtex485~f756:12427 rtex225:6197 rtex121:5392 rtex227:5168 rtex104:5002,,ok,1,keep1,181 -1253 33 -55 0,235 -1370 -57 -55 90,
rtex103,rtex103,world,64x64,data1 portals,septimus mazaera keep deathmatch blackmarsh cathedral thysis other,14191027,8371,romeric5:2742656 meso2:1682692 romeric3:1280898 keep2:1189735 meso5:1065559 romeric2:965340 romeric1:893449 romeric4:774095 ravdm5:517251 demo1:493490 eidolon:444904 romeric7:443345 meso3:321391 ravdm3:299443 meso8:291248 keep1:255915 ravdm2:146475 castle5:132352 village1:69120 village3:42690 demo3:36371 meso1:35840 egypt5:33017 village2:15872 thomas:6656 keep4:5320 cath:3279 meso6:2624,19,57,24,door:23 breakable:5.9 mover:4 button:0.99 plaque:0.01,1,1.5x1.1,54,0,128,rtex306:3119 rtex096:2736 rtex043~79b8:2038 rtex006:1784 rtex430~2da5:1728 #lava000:1392,rtex274:26464 rtex422~cba5:20716 rtex043~79b8:17288 rtex096:17054 rtex072:12927 rtex439~2bcd:11537,,ok,1,romeric5,-342 3277 -101 55 0,-371 3194 -11 55 45,
rtex104,rtex104,world,64x64,data1 portals,other keep cathedral blackmarsh thysis mazaera septimus deathmatch,10245296,1955,monsters:7341568 keep1:959957 castle4:439533 tower:218140 village2:199959 village1:172672 village4:103424 egypt5:101540 romeric5:92160 egypt1:90624 meso2:89898 ravdm1:86627 demo2:75392 village3:71528 cath:47104 meso4:34816 demo1:30208 romeric1:29013 egypt2:25728 egypt3:25728 ravdm3:9677,10,15,75,breakable:6.7 door:3.1 button:0.39 mover:0.08,1,3.5,46,2,102,rtex006:5328 rtex041:1666 rtex488:1080 rtex054:960 rtex485~f756:566 rtex102:416,rtex006:43001 rtex488:11535 rtex105:11355 rtex102:5002 rtex041:4794 rtex485~f756:4191,,ok,1,monsters,-412 109 193 -55 0,-358 -71 13 -55 90,
rtex105,rtex105,world,64x64,data1 portals,mazaera keep blackmarsh cathedral,1592961,476,meso2:960575 keep1:398126 keep2:106342 demo2:55168 tower:39746 village3:26240 castle4:6764,48,18,34,door:17 static:3.6 breakable:0.06,1,2x1.9,120,25,252,rtex488:2688 rtex043~79b8:1709 rtex028:1684 rtex103:1390 rtex113:1088 rtex094:848,rtex104:11355 rtex103:2979 rtex043~79b8:2400 rtex054:1904 rtex488:1801 rtex102:1640,,ok,1,meso2,-45 467 -117 -55 -1,-45 467 -117 -55 -1,
rtex106,rtex106,world,32x32,data1 portals,blackmarsh cathedral keep,70896,70,tower:25064 village1:22144 demo1:11752 village2:7072 keep3:4864,9,77,14,breakable:89 door:6 mover:2.4,1,1.8x1,34,0,101,rtex109:112 rtex108:96 rtex107:80,rtex113:1150,,ok,1,tower,188 104 74 24 0,162 104 86 25 0,
rtex107,rtex107,world,32x32,data1 portals,keep cathedral blackmarsh,53910,66,tower:18672 keep2:10240 village1:7936 keep1:6144 keep3:4864 demo1:4518 village2:1536,6,85,9,breakable:90 door:5 mover:2.5,1,1,38,0,94,rtex087:336 rtex086:160 rtex108:128 rtex106:80 rtex043~79b8:32 rtex181:32,rtex113:530 rtex207:106 rtex041:96,,ok,1,tower,1064 -146 540 0 180,1136 -146 540 0 180,
rtex108,rtex108,world,32x32,data1 portals,cathedral keep blackmarsh,64038,72,tower:23872 keep2:19200 demo1:10646 village1:3904 keep3:3840 village2:2576,4,85,10,breakable:84 door:11 mover:2.4,1,1,39,0,99,rtex087:224 rtex439~5f18:224 rtex107:128 rtex106:96 rtex109:80 rtex181:64,rtex113:980 rtex439~5f18:160 rtex181:80,,ok,1,tower,184 152 54 0 0,112 152 54 0 0,
rtex109,rtex109,world,32x32,data1 portals,keep cathedral,6336,11,keep3:3584 tower:2752,8,84,8,breakable:100,1,1,66,0,146,rtex106:112 rtex108:80,rtex113:32,,ok,1,keep3,-256 904 158 0 0,-328 904 158 0 0,
rtex110,rtex110,world,16x64,data1 portals,keep blackmarsh cathedral,32120,31,keep4:18927 village1:9037 tower:3328 castle4:828,9,61,29,mover:32 breakable:28,1,1.8x0.62,31,0,88,rtex085:96,rtex226:384 rtex439~5f18:374 rtex085:32 rtex214:26 rtex099:26,,ok,1,keep4,-712 -264 -17 0 180,-628 -264 -17 0 180,
rtex111,rtex111,world,64x64,data1,septimus blackmarsh thysis,1032827,619,romeric2:577934 romeric3:125766 romeric4:125766 romeric5:125766 romeric1:62883 egypt5:6912 village2:5815 village1:1984,13,74,13,breakable:1.2,1,0.47x1.5,44,0,98,,rtex096:6912 rtex422~cba5:432 rtex113:176 rtex243:176 rtex043~79b8:64 rtex038:8,,ok,1,romeric2,-590 -130 109 0 -150,-590 -130 109 0 -150,
rtex112,rtex112,world,64x64,data1 portals,blackmarsh cathedral keep,3068767,279,village3:1646803 village1:842822 tower:340480 cath:139824 keep3:94528 keep4:4310,58,2,40,breakable:2.9,1,2.5,77,28,116,rtex041:848 rtex038:798 rtex174:584 rtex121:512 rtex028:208 rtex058:192,rtex038:12131 rtex041:9780 rtex058:5168 rtex006:4504 celt2:4090 rtex335:3216,,ok,1,village3,294 528 558 -55 0,301 445 519 -55 45,
rtex113,rtex113,world,64x64,data1 portals,blackmarsh keep cathedral septimus,4665909,3124,keep3:1240510 village2:741862 village1:612087 tower:506529 demo1:493035 village3:415996 village4:200064 keep5:142848 keep4:76940 cath:74774 village5:45056 romeric2:43344 romeric1:29468 keep1:22528 demo3:9837 demo2:6908 romeric7:2162 romeric3:1960,20,63,17,breakable:50 door:5.6 mover:1.2 plaque:0.17,1,0.38x1.8,53,0,115,rtex043~79b8:1370 rtex088:1088 rtex105:1088 rtex004:1008 rtex242:725 rtex029:576,rtex041:9350 rtex450:8031 rtex043~79b8:5902 rtex030:4895 rtex038:4396 rtex335:4154,,ok,1,keep3,-680 913 181 55 0,-705 913 217 55 0,
rtex114,rtex114,world,64x64,portals,other,397312,10,monsters:397312,12,77,12,,1,3.5x3.2,0,0,0,,,,ok,1,monsters,1040 -2541 62 0 90,1142 -2561 62 0 120,
rtex116,rtex116,world,64x64,data1 portals,blackmarsh keep,1022358,130,village1:569218 keep3:267203 village3:130300 demo2:55637,33,10,57,breakable:5.4,1,3.5x2.5,81,0,165,rtex038:836 rtex439~5f18:792 rtex415~c6aa:312,rtex038:4659 rtex041:1796 rtex022:1617 rtex439~5f18:984 sky001~6566:840 rtex006:825,,ok,1,village1,465 2471 601 55 0,428 2471 654 55 0,
rtex117,rtex117,world,64x64,data1 portals,blackmarsh keep,3017949,289,village2:1190714 village3:648047 village1:576888 keep3:398946 demo3:203355,39,16,45,,1,3.3x2.8,65,0,150,rtex041:768 rtex006:168 rtex174:96 rtex038:48,rtex038:10320 rtex043~79b8:7928 rtex041:6685 rtex022:4305 rtex113:2830 trimtex:1624,,ok,1,village2,520 -986 166 -55 0,454 -986 163 -40 0,
rtex118,rtex118,world,64x64,data1,blackmarsh,78648,11,demo3:49728 village1:28920,99,1,0,,0.6,3.5,67,45,104,,rtex175:632 rtex022:512 rtex041:296 rtex005:260,,ok,1,demo3,3624 -38 356 55 0,3726 -38 410 55 180,
rtex119,rtex119,world,64x64,data1,blackmarsh mazaera cathedral,498773,151,demo1:251459 meso2:103720 meso6:82539 cath:61056,8,86,6,door:22 breakable:16,1,0.88x2,65,0,173,,#lava001:2944 #lowlight~a060:1792 rtex001:912 rtex073:832 rtex121:736 rtex044:730,,ok,1,demo1,-1906 1795 -391 0 -180,-1825 1795 -391 0 -180,
rtex120,rtex120,world,64x64,data1 portals,keep septimus thysis cathedral blackmarsh,5248767,815,keep1:4185831 romeric5:363397 cath:211115 egypt4:154486 egypt5:151153 demo3:138626 demo2:44160,26,50,24,mover:2.8 door:1.5 static:0.28 breakable:0.27,1,2.4x1,59,23,89,rtex121:640 rtex041:320 rtex054:256 rtex040:100,rtex054:3085 #rtex346:2560 rtex103:2432 #skulls:2048 rtex040:1903 rtex358~7b4d:1708,,ok,1,keep1,-1145 1000 -383 -55 180,-1148 1000 -427 -65 180,
rtex121,rtex121,world,64x64,data1 portals,blackmarsh keep thysis cathedral other,5350642,2009,keep1:1350475 demo3:1298697 demo1:880682 egypt4:539219 demo2:310087 village5:275904 egypt5:173427 village4:107920 cath:106906 monsters:86016 village2:64000 egypt2:60032 village1:44736 thomas:21120 village3:13796 eidolon:10560 egypt7:6384 keep4:680,26,54,20,door:21 breakable:8.6 mover:3 button:0.47 plaque:0.15,1,1.1x2.1,55,0,126,rtex043~79b8:3811 rtex003:2448 rtex022:1908 rtex367~2533:1536 rtex041:856 rtex004:768,#lowlight~a060:19947 sky001~6566:10138 rtex337:10020 rtex251:6432 celt2:6301 rtex488:5692,,ok,1,keep1,1939 -1487 -28 -55 0,1842 -1487 -165 -55 0,
rtex122,rtex122,world,64x64,data1 portals,keep thysis mazaera,363101,81,egypt6:171072 keep5:130548 keep4:59551 meso2:1930,39,41,19,breakable:47 door:0.53 button:0.26,1,1.5x2,63,0,136,rtex074:1408 rtex433~db92:494 rtex420~c65d:128,rtex415~c6aa:1920 rtex039~df99:1088 marble:481 rtex451~c3b6:77 rtex440~c299:66 rtex450:64,,ok,1,egypt6,-493 1776 -183 0 -90,-493 1864 -183 0 -90,
rtex123,rtex123,world,64x64,data1 portals,thysis blackmarsh mazaera other,504845,212,egypt5:203285 demo1:176073 egypt7:40602 egypt2:40597 village2:17792 meso3:17536 meso2:6144 thomas:2816,36,62,2,breakable:29 button:4.7,1,0.75x2,58,0,98,rtex040:1189 trimtex:792 rtex103:729 rtex099:656 rtex215:503 rtex028:405,rtex040:2703 rtex337:1540 +0rune1:1396 rtex028:800 rtex321:740 rtex103:683,,ok,1,egypt5,-1425 2544 -502 -4 -135,-1340 2629 -512 -5 -135,
rtex124,rtex124,world,64x64,data1 portals,blackmarsh septimus thysis mazaera keep,2335875,606,village4:660576 egypt4:253065 egypt5:193264 romeric4:192490 romeric2:188158 romeric5:186880 meso1:164864 keep3:159695 village2:126720 romeric1:83698 village5:75904 romeric3:35489 egypt6:15072,71,16,13,breakable:11 door:9.5 button:0.06,1,2x2.3,73,2,134,rtex029:2232 rtex395~9104:1536 rtex381:1368 rtex336:1157 rtex439~2bcd:1008 rtex475:896,rtex406:8480 rtex256:4247 rtex421~15b9:2811 rtex029:2590 rtex276:2304 rtex337:2192,,ok,1,village4,2890 -40 190 55 0,2755 -40 383 55 0,
rtex125,rtex125,world,64x64,data1,mazaera thysis septimus deathmatch cathedral,1346718,493,egypt4:389424 meso6:327768 meso1:315157 egypt5:185184 egypt1:59800 romeric1:28174 ravdm2:27477 meso3:10240 meso2:2048 castle4:1446,7,85,8,breakable:14 door:4.2,1,1.8x1.5,64,12,115,rtex274:1684 rtex028:1474 rtex099:904 rtex321:768 rtex337:274 rtex385:104,rtex008:6058 rtex337:5574 marble:5343 rtex097:4096 rtex275:3242 rtex099:2615,,ok,1,egypt4,628 1557 -139 0 -90,628 1744 -139 0 -90,
rtex126,rtex126,world,64x64,data1 portals,mazaera deathmatch other septimus thysis blackmarsh cathedral,1877892,749,meso3:437947 meso4:319680 ravdm1:216320 thomas:185448 village1:144488 egypt5:110750 meso5:91203 castle4:65536 egypt4:52736 romeric5:35840 romeric3:34560 romeric2:32768 romeric4:32768 meso2:31232 meso6:30503 romeric1:29006 ravdm3:14283 meso8:6808 meso1:6016,27,58,16,mover:14 door:5.1 breakable:0.88 button:0.33,1,2x0.88,69,0,129,rtex499~5dec:2036 rtex022:2036 rtex028:1476 mtex481:1024 rtex387~c05a:768 rtex442~1cc5:576,#lowlight~a060:13824 rtex099:11924 rtex309:7104 rtex276:6331 rtex333:5648 rtex030:5088,,ok,1,meso3,153 825 21 21 0,-68 825 103 20 0,
rtex127,rtex127,world,64x64,data1 portals,keep deathmatch,115236,96,keep5:87315 keep2:14300 ravdm1:13622,13,77,10,button:12,1,0.5x0.99,57,0,167,rtex003:1088,rtex003:1306 rtex173:1196 rtex005:894 rtex008:751 rtex450:224 rtex074:160,,ok,1,keep5,2795 -1932 32 0 90,2638 -1955 32 0 30,
rtex128,rtex128,world,64x64,data1,thysis,39040,13,egypt4:39040,0,100,0,,1,1x3.1,68,68,78,rtex028:12,rtex337:1084 rtex028:216,,ok,1,egypt4,348 -133 110 0 120,306 -340 110 0 90,
rtex129,rtex129,world,64x64,data1,thysis,317955,86,egypt7:88224 egypt4:56832 egypt3:50627 egypt2:41472 egypt6:41472 egypt1:39328,9,76,15,,1,0.75x1.8,101,68,153,rtex384~4b5a:288 rtex340~6ce4:187 rtex337:100 rtex383~20b5:76 rtex339~2f3c:48 rtex322:32,rtex322:3860 rtex337:676 rtex384~4b5a:384 rtex029:224 rtex383~20b5:156 rtex124:76,,ok,1,egypt7,-1000 466 206 0 90,-1000 348 206 0 90,
rtex130,rtex130,world,64x64,data1,thysis deathmatch mazaera cathedral,34419,44,egypt5:15719 ravdm1:9984 meso8:7993 castle4:723,5,80,15,button:2.1,1,0.3x2,51,0,103,rtex442~1cc5:576 rtex103:155,rtex422~cba5:640 rtex337:514 rtex275:286 rtex126:191 rtex028:90,,ok,1,egypt5,-2020 60 -72 -4 135,-1925 -35 -82 -4 135,
rtex131,rtex131,world,64x64,data1 portals,thysis other,116676,65,thomas:40960 egypt4:39554 egypt6:19777 monsters:16384,14,86,0,breakable:51,1,0.5,47,0,141,rtex322:1854 rtex054:256,rtex384~4b5a:1086 rtex072:256 rtex001:256,,ok,1,thomas,1819 -1328 150 0 0,1584 -1328 150 0 0,
rtex133,rtex133,world,64x64,data1 portals,thysis keep,75723,28,egypt7:70656 keep4:5067,23,55,23,breakable:93,1,2x0.5,23,0,69,rtex362~89e7:143,rtex073:357 rtex039~df99:110,,ok,1,keep4,-67 -498 44 -27 -135,-22 -453 12 -27 -135,
rtex135,rtex135,world,64x64,data1 portals,blackmarsh other cathedral,154353,6,thomas:70326 village1:70326 tower:13701,0,91,9,,2,0.66x2.3,116,94,125,,rtex022:3318 rtex335:669,,ok,1,thomas,-721 939 305 0 45,-940 720 305 0 45,
rtex137,rtex137,world,64x128,data1 portals,cathedral blackmarsh keep,1882297,407,castle5:726307 demo1:722032 keep4:356892 cath:74634 village2:2432,3,89,8,door:0.38,1,1.7x1,58,11,91,rtex039~df99:288 rtex099:240 rtex020:176 rtex443:128 rtex022:32 rtex164:16,rtex008:3429 rtex335:3303 rtex040:2752 rtex450:2394 rtex039~df99:2351 rtex010:2167,,ok,1,castle5,-647 -2 26 0 64,-756 -220 26 0 63,
rtex145,rtex145,world,64x64,data1,blackmarsh cathedral,1559140,268,village2:545617 village1:455299 village4:335749 demo3:115531 castle4:106944,30,22,48,,1,3.2x1.9,57,0,103,rtex175:640 rtex174:304 rtex038:29 trimtex:19 rtex022:16,rtex038:5800 rtex022:4540 rtex041:3014 rtex164:1430 rtex214:1048 rtex175:823,,ok,1,village2,927 -1952 241 -55 0,1106 -2038 201 -55 135,
rtex146,rtex146,world,48x96,data1 portals,blackmarsh keep cathedral,184113,46,demo2:76032 village2:43168 keep5:38370 tower:14664 castle5:4992 keep2:4800 village1:2088,1,98,1,breakable:25 static:21,2x1.8,1,84,0,133,rtex003:1510 rtex022:1152 rtex152:82 rtex006:70,rtex004:576 rtex001:356 rtex103:296 rtex335:264 rtex154:248 rtex336:96,,ok,1,demo2,1130 812 235 0 0,928 812 235 0 0,
rtex147~7c03,rtex147,world,48x96,data1,blackmarsh cathedral,415662,59,village4:211904 village2:79936 demo2:65096 tower:51776 castle5:4608 village1:2342,1,98,1,breakable:5.6,3,1x0.97,98,59,168,rtex022:3020 rtex003:288,rtex165:1568 rtex038:1168 rtex335:856 rtex029:752 rtex003:568 marbleseam:448,,ok,1,village4,3002 -40 267 0 0,2672 -40 267 0 0,
rtex147~96f2,rtex147,world,48x96,portals,keep,181792,24,keep3:130560 keep2:42016 keep5:9216,1,99,0,static:41,2,1,76,0,175,rtex499~5dec:1152 rtex096:824 rtex004:576 rtex003:576 rtex030:480 rtex152:192,rtex415~c6aa:1952 rtex008:320 rtex043~79b8:208 rtex006:96,,ok,1,keep3,-224 -142 -18 0 90,-224 -344 -18 0 90,
rtex148,rtex148,world,64x64,data1 portals,blackmarsh keep septimus,2431999,305,demo3:851021 demo1:839785 demo2:268723 village3:228374 village4:130519 keep2:107392 romeric1:6185,85,13,2,,1,2.4x2.5,55,0,115,rtex389~cdf4:4968 rtex413~5d51:618 rtex053:176 rtex028:161 rtex041:136 rtex390~cfbf:56,rtex413~5d51:12373 rtex103:2951 rtex020:2511 #lowlight~a060:2126 rtex038:1852 rtex389~cdf4:1177,,ok,1,demo3,2083 1173 -106 55 0,2056 1173 -67 55 0,
rtex149,rtex149,world,32x48,data1 portals,blackmarsh keep,145010,60,village3:132696 keep3:7706 village2:4608,0,100,0,breakable:75,1,1,48,0,87,rtex150:96,rtex150:10927 rtex052:334 rtex039~6080:222 rtex058:24,,ok,1,village3,335 598 376 0 0,226 598 376 0 0,
rtex150,rtex150,world,80x48,data1 portals,blackmarsh keep,681809,167,village3:630232 keep3:36218 village2:15360,30,54,16,breakable:71,1,1x1.3,44,0,106,rtex149:96,rtex149:10927 rtex052:1046 rtex058:576 rtex039~6080:462 rtex041:304 rtex022:212,,ok,1,village3,493 407 351 0 90,493 330 351 0 90,
rtex151,rtex151,world,48x96,data1,blackmarsh,3110,8,village1:3110,49,34,16,breakable:100,1,0.71x0.42,16,0,71,,rtex147~7c03:80,,ok,1,village1,-328 1236 100 54 0,-355 1236 140 55 0,
rtex152,rtex152,world,48x96,data1 portals,blackmarsh keep cathedral,175331,30,village2:115264 keep2:27648 tower:26782 keep4:3549 village1:2088,6,88,6,breakable:16,1.2,3.5x1,37,5,80,rtex359~47da:480 rtex147~96f2:192 rtex146:82,rtex022:1408 rtex029:1200 rtex006:768 rtex030:111 rtex034:111 rtex040:64,,ok,1,village2,2624 -702 718 0 -90,2624 -581 718 0 -90,
rtex154,rtex154,world,96x32,data1 portals,keep cathedral blackmarsh,25834,51,keep3:15402 tower:7385 village1:2088 keep2:960,14,77,10,breakable:96,1,0.75x1,53,0,120,rtex031:82,rtex146:248 rtex003:240 rtex031:42,,ok,1,keep3,-368 556 215 0 180,-270 556 215 0 180,
rtex156,rtex156,world,32x32,data1 portals,keep cathedral,5400,13,keep1:2968 tower:2432,20,61,20,button:45 plaque:41 breakable:14,1,0.75x1,28,0,83,,rtex041:48 rtex086:32 rtex087:32,,ok,2,keep1,694 1079 -191 55 0,652 1079 -132 55 0,
rtex158,rtex158,world,48x112,data1 portals,keep blackmarsh,175438,51,keep3:132116 village4:35766 demo2:7557,10,87,3,static:75 breakable:25,1,2.3x0.64,93,0,194,,rtex113:408 rtex124:360,,ok,1,keep3,-136 -504 9 -6 180,98 -504 -17 -6 180,
rtex160,rtex160,world,128x128,data1 portals,blackmarsh keep cathedral deathmatch,574600,49,demo1:85440 cath:75176 demo3:71680 village2:71104 keep3:57344 keep1:55664 village1:43732 tower:29467 village5:28672 ravdm3:14336 rider1a:14336 village4:14336 demo2:13312,72,18,10,breakable:10,1,1,115,58,177,marbleseam:437 rtex008:320 rtex095:128,rtex095:4337 rtex028:2297 rtex008:2007 rtex163:2002 rtex102:874 rtex006:874,,ok,1,demo1,208 -454 -506 0 -90,208 -320 -506 0 -90,
rtex161,rtex161,world,128x128,data1 portals,cathedral keep,69110,14,tower:55614 keep5:13496,62,37,1,breakable:18,1,1,107,43,186,,rtex003:874 rtex008:437 marble:423,,ok,1,tower,-2106 -456 174 0 0,-2240 -456 174 0 0,
rtex162,rtex162,world,96x128,data1 portals,blackmarsh keep cathedral,363348,61,village2:173120 village3:95232 tower:43796 keep3:26880 keep2:24320,3,91,6,door:91,1,0.98x0.97,36,0,72,rtex113:168,rtex073:4336 rtex121:1152 rtex041:1128 rtex008:880 rtex011:573 rtex096:384,,ok,1,village2,944 1462 74 0 90,944 1302 74 0 90,
rtex163,rtex163,world,64x64,data1,blackmarsh,311043,99,village3:143517 village2:130846 demo2:24832 village4:5968 village5:5880,82,16,2,,1,3.2x3.5,68,18,97,rtex052:176,rtex160:2002 rtex022:1951 rtex020:1320 rtex053:999 rtex040:421 rtex214:373,,ok,1,village3,-564 582 332 55 0,-393 582 422 55 180,
rtex164,rtex164,world,64x64,data1 portals,blackmarsh keep cathedral other,10617125,810,demo2:2196274 village1:2156667 village2:1605362 village3:1527114 keep1:1088512 castle5:994328 keep3:339648 village4:307001 thomas:216416 village5:185803,17,2,81,breakable:1.1 static:1 door:0.93,1,3.2x2.8,62,8,113,rtex022:1944 rtex226:960 rtex041:341 rtex008:320 rtex001:256 rtex336:160,rtex022:78433 rtex336:12763 rtex058:6577 rtex488:5060 rtex006:4868 rtex102:4743,,ok,1,demo2,288 2032 196 -55 0,295 1943 155 -55 45,
rtex165,rtex165,world,64x128,data1 portals,deathmatch cathedral other keep blackmarsh,16754457,1321,ravdm3:6127943 eidolon:3611982 thomas:2842428 ravdm2:1241088 keep5:1085433 keep1:743061 village2:478250 demo2:286776 castle5:276097 keep4:61400,1,98,1,breakable:4.5 door:1.6,1,3x1.5,87,20,182,celt2:11647 rtex361~7f50:2864 rtex488:2536 rtex342~6f88:1472 rtex028:1393 eviltex:832,rtex001:23104 rtex488:20667 rtex008:18659 rtex003:15775 sky000~adb1:14829 marbleseam:14824,,ok,1,ravdm3,541 453 236 0 -180,776 453 236 0 -180,
rtex166,rtex166,world,16x32,data1 portals,blackmarsh keep,9986,20,village1:9037 keep2:949,32,38,30,breakable:100,1,1x1.8,59,0,134,,rtex246:32,,ok,1,village1,-1208 2556 85 54 0,-1235 2556 125 55 0,
rtex172,rtex172,world,64x32,portals,keep,1984,4,keep2:1984,77,23,0,breakable:100,1,1x0.75,87,93,96,,rtex249:64 rtex246:64,,ok,1,keep2,-292 1452 129 54 0,-308 1452 153 55 0,
rtex173,rtex173,world,64x64,data1 portals,keep blackmarsh septimus,1702344,339,keep5:910591 demo2:248384 keep1:154316 romeric6:152267 keep4:107426 village1:70992 romeric2:58368,18,45,37,breakable:6.6 door:2.1 mover:0.42,1,1.1x2.1,53,0,121,rtex355:1201 rtex457~7081:816 rtex038:140 rtex103:32 rtex041:24 rtex039~df99:18,#rtex078:5120 rtex255:4209 rtex028:3469 rtex258:3307 rtex040:2674 rtex030:2553,,ok,1,keep5,537 628 502 -55 0,402 628 309 -55 0,
rtex174,rtex174,world,64x128,data1,blackmarsh,488609,78,village1:371233 village3:85632 village2:31744,0,100,0,,1.2x1.3,1.6x0.87,98,23,166,rtex043~79b8:4010 rtex028:952 rtex112:584 rtex145:304 rtex038:184 rtex117:96,rtex043~79b8:3682 rtex112:1730 rtex117:1364 rtex022:1205 rtex028:1192 rtex038:1024,,ok,1,village1,-883 1357 261 0 0,-1027 1203 261 0 30,
rtex175,rtex175,world,128x128,data1,blackmarsh,1252866,135,demo3:504731 village2:322611 village1:265012 demo2:89856 village3:70656,0,99,0,breakable:7.2,1.4,1.1x0.88,91,0,177,rtex043~79b8:6912 rtex041:2712 rtex022:800 rtex145:640 rtex058:384 rtex038:351,rtex041:4164 rtex043~79b8:3912 rtex022:2128 rtex005:1504 rtex145:823 rtex388~6280:664,,ok,1,demo3,3741 438 278 0 -90,3741 759 278 0 -90,wide: *14 opaque: rtex424
rtex176,rtex176,world,32x32,data1 portals,keep blackmarsh,11888,14,keep2:9216 village1:2672,0,98,2,breakable:100,1,1,61,0,109,rtex181:128 rtex043~79b8:64 rtex108:64 rtex182:64 rtex087:32,rtex113:76,,ok,1,keep2,-992 1552 174 0 -90,-992 1624 174 0 -90,
rtex177,rtex177,world,32x32,data1 portals,blackmarsh keep,30075,50,village2:19371 village1:5584 village3:4096 keep2:1024,13,74,14,breakable:100,1,1,43,0,148,rtex181:32,rtex179:128 rtex180:128 rtex113:76,,ok,1,village2,464 2176 110 0 90,464 2104 110 0 90,
rtex178,rtex178,world,32x32,data1 portals,blackmarsh keep,8176,14,village1:2672 village3:2432 keep2:2048 village2:1024,2,92,5,breakable:100,1,0.94x1,77,0,153,rtex181:64,rtex113:204,,ok,1,village1,602 1073 32 0 180,674 1073 32 0 180,
rtex179,rtex179,world,32x32,data1 portals,keep blackmarsh,9216,9,keep2:7168 keep3:1024 village2:1024,0,100,0,breakable:100,1,1,51,0,112,rtex087:64 rtex108:64 rtex439~5f18:64 rtex185:32,rtex177:128 rtex181:64 rtex439~5f18:32 rtex113:32,,ok,1,keep2,-568 1136 110 0 180,-496 1136 110 0 180,
rtex180,rtex180,world,32x32,data1 portals,keep blackmarsh,21808,30,keep2:12288 village1:8496 village2:1024,2,94,3,breakable:100,1,1,79,0,118,rtex202:128 rtex181:128 rtex207:64 rtex087:64 rtex182:64,rtex177:128 rtex113:76,,ok,1,keep2,-696 1856 174 0 90,-696 1784 174 0 90,
rtex181,rtex181,world,32x32,portals,keep,104553,92,keep2:79209 keep1:25344,6,88,5,breakable:76,1,2x1.5,52,0,124,rtex439~5f18:1360 rtex043~79b8:592 rtex087:352 rtex207:128 rtex205:128 rtex176:128,rtex488:636 rtex043~79b8:433 rtex041:320 rtex087:208 celt2:128 rtex336:128,,ok,1,keep2,1104 720 -22 0 180,1188 720 -22 0 180,
rtex182,rtex182,world,32x32,data1 portals,blackmarsh keep,22672,32,village1:8256 village2:5200 keep2:5120 village3:4096,3,86,10,breakable:100,1,0.94x1,51,0,103,rtex206:64 rtex202:64 rtex180:64 rtex176:64 rtex439~5f18:32,rtex113:288,,ok,1,village1,602 1007 74 0 180,674 1007 74 0 180,
rtex183,rtex183,world,32x32,data1 portals,blackmarsh keep,8144,15,village1:5328 keep3:2816,6,85,9,breakable:100,1,0.94x1,49,0,103,rtex185:80,rtex113:140,,ok,1,village1,583 977 74 0 180,658 1037 74 0 -150,
rtex184,rtex184,world,32x32,data1 portals,blackmarsh keep,13024,15,village3:5632 village1:5344 keep2:2048,0,77,23,breakable:100,1,1,56,0,159,rtex043~79b8:64 rtex113:48,rtex113:328,,ok,1,village3,-488 -184 586 0 90,-488 -256 586 0 90,
rtex185,rtex185,world,32x32,data1 portals,blackmarsh keep,23824,28,village1:11264 village2:5200 village3:3776 keep3:3584,7,81,12,breakable:100,1,1,47,0,106,rtex205:112 rtex183:80 rtex179:32,rtex113:136,,ok,1,village1,602 1124 74 0 180,674 1124 74 0 180,
rtex186,rtex186,world,32x32,data1 portals,blackmarsh keep cathedral,12800,23,village2:7680 keep2:2048 village3:2048 castle4:1024,3,94,3,breakable:92,1,1,53,0,111,rtex181:64 rtex191:64 rtex188:32,rtex113:256 rtex230:96,,ok,1,village2,475 -1043 62 0 180,547 -1043 62 0 180,
rtex187,rtex187,world,32x32,data1 portals,blackmarsh keep,16545,31,village2:10240 village3:4096 keep4:2209,9,81,9,breakable:100,1,1,53,0,103,,rtex113:512 rtex112:36 rtex191:4,,ok,1,village2,475 -1011 62 0 180,547 -1011 62 0 180,
rtex188,rtex188,world,32x32,data1,blackmarsh cathedral,15360,32,village2:10240 village3:4096 castle4:1024,5,90,5,breakable:93,1,1,45,0,104,rtex186:32 rtex191:32,rtex113:128 rtex230:64,,ok,1,village2,475 -979 62 0 180,547 -979 62 0 180,
rtex189,rtex189,world,32x32,data1,blackmarsh,6144,13,village2:5120 village3:1024,4,92,4,breakable:100,1,1,46,0,100,,rtex113:128,,ok,1,village2,475 -1107 62 0 180,547 -1107 62 0 180,
rtex190,rtex190,world,32x32,data1,blackmarsh,5856,11,village3:3296 village2:2560,2,91,7,breakable:100,1,1,57,0,146,,rtex113:264,,ok,1,village3,1488 320 398 0 0,1416 320 398 0 0,
rtex191,rtex191,world,32x32,data1 portals,blackmarsh keep cathedral,21553,38,village2:10240 village3:6144 keep4:2097 keep2:2048 castle4:1024,10,81,10,breakable:95,1,1,51,0,110,rtex043~79b8:64 rtex186:64 rtex112:32 rtex188:32,rtex113:256 rtex230:96 rtex112:36 rtex187:4,,ok,1,village2,475 -1075 62 0 180,547 -1075 62 0 180,
rtex192,rtex192,world,32x32,data1,blackmarsh,3584,7,village2:2560 village3:1024,4,93,4,breakable:100,1,1,43,0,79,,rtex113:128,,ok,1,village2,1056 -2020 78 0 -90,1056 -1948 78 0 -90,
rtex193,rtex193,world,32x32,data1,blackmarsh,3696,1,demo2:3696,100,0,0,breakable:100,1,4.1x0.88,187,187,187,,rtex043~79b8:320,,ok,1,demo2,-263 1190 58 55 0,-304 1096 171 55 45,
rtex194,rtex194,world,32x32,data1,blackmarsh,9579,15,village1:9579,36,32,32,breakable:100,1,1,34,0,89,,,,ok,1,village1,708 2520 47 54 0,667 2520 106 55 0,
rtex196,rtex196,world,32x32,data1,blackmarsh,3193,5,village1:3193,36,32,32,breakable:100,1,1,29,0,68,,,,ok,1,village1,736 2470 23 40 90,736 2440 48 40 90,
rtex197,rtex197,world,32x32,data1,blackmarsh,3193,5,village1:3193,36,32,32,breakable:100,1,1,21,0,50,,,,ok,1,village1,708 2456 47 54 0,667 2456 106 55 0,
rtex198,rtex198,world,32x32,data1,blackmarsh,9579,15,village1:9579,36,32,32,breakable:100,1,1,34,0,84,,,,ok,1,village1,717 2533 47 55 45,697 2513 87 55 45,
rtex199,rtex199,world,32x32,data1 portals,blackmarsh keep cathedral,654584,352,village1:227475 village2:106360 rider1a:98595 castle5:82558 keep1:61652 keep2:44409 village3:33536,5,89,6,breakable:71 static:17 mover:0.23,1,2.2x2.8,78,0,169,,#lava000:2240 rtex335:1280 rtex212:24,,ok,1,village1,511 2242 50 0 90,511 2124 50 0 90,
rtex200,rtex200,world,64x32,data1,blackmarsh,20480,4,village1:18432 demo2:2048,10,90,0,breakable:100,2,1,55,7,90,,rtex041:544 rtex043~79b8:192,,ok,1,village1,88 1910 158 0 90,88 1776 158 0 90,
rtex201,rtex201,world,64x16,data1,blackmarsh,11821,42,village2:8318 village3:3503,4,91,5,mover:70 breakable:30,2x4.2,0.86x0.93,101,0,151,rtex041:7,rtex041:22,,ok,1,village2,167 212 273 0 180,255 212 273 0 180,
rtex202,rtex202,world,32x32,portals,keep,19968,12,keep3:11264 keep2:7680 keep1:1024,0,100,0,breakable:95,1,5x1,40,0,147,rtex113:320 rtex180:128 rtex181:80 rtex182:64 rtex204:32 rtex203:32,rtex041:64 rtex181:32 rtex113:32,,ok,1,keep3,-1152 64 126 0 180,-1104 64 126 0 180,
rtex203,rtex203,world,32x32,portals,keep,5120,5,keep2:5120,0,100,0,breakable:100,1,1,88,0,254,rtex205:128 rtex181:64 rtex204:64 rtex202:32,,,ok,1,keep2,-948 1883 174 0 120,-900 1800 174 0 120,
rtex204,rtex204,world,32x32,data1 portals,blackmarsh keep cathedral,35992,30,demo1:15992 demo2:7168 keep2:6656 tower:5152 keep1:1024,6,77,17,breakable:97,1,1,43,0,122,rtex206:64 rtex203:64 rtex207:64 rtex181:32 rtex202:32 rtex043~79b8:32,rtex113:379 rtex041:64 rtex181:32 rtex488:32,,ok,1,demo1,-1659 2676 -522 0 135,-1563 2665 -522 0 165,
rtex205,rtex205,world,32x32,data1 portals,keep cathedral,17216,21,keep2:6656 keep3:5888 tower:4672,6,88,6,breakable:100,1,1,62,0,148,rtex181:128 rtex203:128 rtex185:112 rtex043~79b8:32 rtex207:32 rtex202:32,rtex113:32,,ok,1,keep2,-916 1883 174 0 120,-928 1784 174 0 90,
rtex206,rtex206,world,32x32,data1 portals,cathedral keep,10272,11,tower:5152 keep2:4096 keep3:1024,9,83,9,breakable:100,1,1x0.88,50,0,131,rtex204:64 rtex181:64 rtex182:64 rtex207:32 rtex205:32,,,ok,1,tower,972 -1316 150 0 90,972 -1388 150 0 90,
rtex207,rtex207,world,32x32,data1 portals,keep cathedral blackmarsh,14702,15,keep2:6144 tower:5152 demo1:1358 keep1:1024 keep3:1024,6,88,6,breakable:93,1,1,56,0,116,rtex181:128 rtex180:64 rtex087:64 rtex204:64 rtex206:32 rtex205:32,rtex107:106 rtex041:64 rtex113:42 rtex181:32 rtex488:32 rtex439~5f18:32,,ok,1,keep2,-664 1856 174 0 90,-664 1784 174 0 90,
rtex208,rtex208,world,64x64,data1,blackmarsh,36209,29,village2:27730 village4:8480,28,72,0,,1,2.2x0.5,75,39,98,,rtex388~6280:384 rtex389~cdf4:370,,ok,1,village2,576 -436 -66 0 0,570 -467 -66 0 30,
rtex210,rtex210,world,64x128,portals,keep,11648,1,keep2:11648,100,0,0,,1,1.8x0.81,49,49,49,,rtex005:432,,none,3,,,,rank 2: instance 7 models/tree.mdl triangle 24: tree.mdl_0
rtex211,rtex211,world,64x32,data1 portals,blackmarsh keep,24576,6,village1:18432 keep2:6144,8,92,0,breakable:92,2,1,66,42,90,rtex450:64 rtex043~79b8:64,rtex043~79b8:288 rtex246:256 rtex041:256 rtex006:64,,ok,1,village1,1192 1458 148 0 90,1192 1324 148 0 90,
rtex212,rtex212,world,64x64,data1,blackmarsh,3907,19,village2:3907,36,32,32,mover:100,1,0.13x0.69,62,0,170,,rtex199:24,,ok,1,village2,900 2208 85 54 0,892 2208 97 55 0,
rtex213,rtex213,world,64x64,data1,cathedral blackmarsh,32768,8,castle4:20480 rider1a:12288,75,12,12,door:38,1,1.5x1,55,0,94,rtex215:320,rtex222:320 rtex226:64 rtex228:64,,ok,1,castle4,150 1240 -229 55 0,314 1350 -175 40 -135,
rtex214,rtex214,world,64x64,data1 portals,cathedral blackmarsh other keep,3537081,448,castle4:1162808 village4:1120136 tower:524544 monsters:315392 village2:197652 keep2:111621 keep3:104928,49,3,47,,1,2.8x2.3,74,16,146,rtex099:592 rtex039~6080:528 rtex226:224 rtex072:160 rtex054:152 rtex006:80,rtex041:19899 rtex022:17946 rtex343~d686:7944 rtex099:7777 rtex226:5577 rtex227:4738,,ok,1,castle4,38 1415 -250 -55 0,208 1529 -306 -40 -135,
rtex215,rtex215,world,64x64,data1,cathedral blackmarsh,7152293,816,castle4:3676927 rider1a:2020864 village5:1080896 tower:173824 village4:129456 demo1:70326,75,15,10,breakable:3.9 door:3.2,1,2.8x2.6,62,0,118,rtex123:503 rtex099:476 rtex213:320 rtex227:128 rtex005:128 rtex011:96,rtex227:31376 rtex343~d686:13187 rtex095:9875 rtex073:6264 rtex121:3600 rtex099:3154,,ok,1,castle4,3 1460 -189 55 0,-66 1460 -186 40 0,
rtex216,rtex216,world,64x64,data1,cathedral,14848,6,castle4:14848,7,86,7,door:100,1,1x1.2,20,0,41,,,,ok,1,castle4,224 1694 -282 0 90,302 1683 -282 0 150,
rtex217,rtex217,world,64x64,data1,cathedral,8192,1,castle4:8192,0,100,0,,1,1x2,46,46,46,rtex218:128,rtex218:128 rtex215:64 rtex214:64,,ok,1,castle4,78 1683 -259 0 -150,124 1710 -259 0 -150,
rtex218,rtex218,world,64x64,data1,cathedral,193551,62,castle4:193551,2,96,2,breakable:21,1,1x2,46,20,81,rtex226:152 rtex217:128 rtex214:64,rtex214:1488 rtex215:1344 rtex226:664 rtex099:160 rtex217:128,,ok,1,castle4,84 1671 -253 0 90,84 1671 -253 0 90,
rtex220,rtex220,world,64x64,data1,cathedral,269312,102,tower:269312,24,67,9,,1,1,48,0,124,rtex214:64 rtex343~d686:32,rtex008:2560 rtex214:2240 rtex226:1568 rtex343~d686:288 rtex105:160,,ok,1,tower,-1747 -736 87 55 0,-1824 -736 197 55 0,
rtex221,rtex221,world,64x64,data1 portals,cathedral keep,738605,146,tower:622985 castle4:69605 keep2:24128 cath:21888,37,49,15,,1,1.8x2.2,59,16,112,rtex011:309 rtex099:272 rtex103:264 rtex006:240 rtex003:192 rtex008:144,rtex003:2285 rtex335:2088 rtex085:1472 rtex008:1128 rtex099:896 rtex214:815,,ok,1,tower,1091 -723 603 55 0,1261 -723 693 55 -180,
rtex222,rtex222,world,64x128,data1 portals,keep cathedral blackmarsh,110656,10,keep2:62528 castle4:41984 rider1a:6144,0,100,0,,1,1.2x1,64,5,141,rtex228:360 rtex225:176 rtex226:128,rtex225:488 rtex214:328 rtex213:320 rtex336:304 rtex148:304 rtex227:304,,ok,1,keep2,637 2128 10 0 180,731 2128 10 0 180,
rtex223,rtex223,world,64x128,data1 portals,keep blackmarsh cathedral,115456,13,keep2:48000 demo1:32640 castle4:28672 rider1a:6144,2,96,2,door:25,1,3.1x0.75,61,47,89,rtex225:120,rtex225:1088 rtex099:896 rtex416~603d:344 rtex227:304 rtex336:240 rtex148:240,,ok,1,keep2,615 2092 10 0 30,527 2042 10 0 30,
rtex224,rtex224,world,64x128,data1 portals,keep cathedral,26688,4,keep2:9792 castle4:9728 keep1:7168,27,73,0,,1,1x1.1,75,57,81,rtex226:304 rtex225:240 rtex221:136,rtex222:136 rtex225:112 rtex336:72 rtex148:72 rtex214:64 rtex215:64,,ok,1,keep2,512 2087 10 0 -90,512 2230 10 0 -90,
rtex225,rtex225,world,64x128,data1 portals,keep blackmarsh,7927530,568,keep1:6723957 keep2:396420 demo2:395428 demo1:317632 village2:94093,47,35,18,door:5.9 breakable:0.4,1,3.2x1.5,35,0,78,rtex488:1056 rtex028:499 rtex020:256 rtex103:248 rtex224:240 rtex450:216,rtex488:13190 rtex102:6197 celt2:4271 rtex041:3208 rtex031:2631 rtex485~f756:2176,,ok,1,keep1,2016 -276 -56 55 0,2023 -365 -15 55 45,
rtex226,rtex226,world,64x128,data1,cathedral blackmarsh,4271679,598,tower:1817593 cath:1334014 village5:472320 castle4:398996 demo2:248755,5,77,18,,1,2x1,58,3,108,rtex022:1702 celt2:1568 rtex164:960 rtex020:832 rtex074:544 rtex041:528,rtex073:6160 rtex041:5611 rtex214:5577 rtex164:4644 rtex008:4560 #lowlight~a060:3802,,ok,1,tower,-1985 -1217 158 0 -135,-1819 -1051 158 0 -135,
rtex227,rtex227,world,64x128,data1,cathedral blackmarsh,6565716,687,rider1a:3176512 castle4:3034644 tower:354560,1,98,1,,1,2.7x1,57,11,98,rtex229:954 rtex022:320 rtex099:272 rtex011:256 rtex001:208 rtex215:128,rtex215:31376 rtex099:21991 rtex001:12672 rtex008:9752 rtex102:5168 rtex214:4738,,ok,1,rider1a,527 -420 197 0 -90,527 -90 197 0 -90,
rtex228,rtex228,world,64x128,data1 portals,cathedral keep,14848,2,castle4:8192 keep2:6656,0,100,0,,1,1,71,33,103,rtex222:360 rtex225:168,rtex213:64 rtex214:64 rtex444~e23c:64,,ok,1,castle4,224 1306 -229 0 -90,224 1395 -229 0 -90,
rtex229,rtex229,world,64x64,data1,cathedral,212035,31,castle4:212035,0,100,0,,1,2.7x1.5,238,232,255,rtex227:954,#lava000:6236 rtex009:1559 rtex003:432 rtex008:229 rtex343~d686:56,,ok,1,castle4,1673 1846 -725 0 64,1593 1686 -725 0 63,
rtex230,rtex230,world,32x64,data1 portals,mazaera cathedral keep,124517,155,meso6:114956 castle4:5568 keep1:3993,32,39,29,breakable:10,1,1.2,58,0,130,,rtex231:1575 rtex041:963 rtex226:288 rtex191:96 rtex186:96 rtex188:64,,ok,1,meso6,-94 658 -526 0 180,42 658 -526 0 180,
rtex231,rtex231,world,16x32,data1,mazaera cathedral,79820,90,meso6:65737 castle5:14083,13,87,0,,1,0.5x4.2,54,4,126,,rtex230:1575 rtex099:362,,ok,1,meso6,-296 547 -524 -27 90,-211 479 -569 -26 120,
rtex233,rtex233,world,64x64,data1 portals,mazaera keep septimus,1674786,155,meso6:1126464 meso2:302668 keep2:152576 meso5:53944 romeric1:39134,97,3,0,breakable:2.3,1,2.2x2.5,54,0,126,mtex470:32,mtex497:5536 rtex274:4523 mtex470:3648 mtex487:2928 rtex099:1632 rtex336:1557,,ok,1,meso6,-1194 -624 70 55 0,-1329 -624 263 55 0,
rtex234,rtex234,world,64x96,data1,blackmarsh,61568,8,village1:61568,5,89,5,door:100,1.6x1.3,1,0,0,0,,rtex011:1184,,ok,1,village1,668 2935 42 0 -90,668 3030 42 0 -90,
rtex235,rtex235,world,64x64,data1,cathedral blackmarsh,155991,40,cath:65509 castle4:41018 village3:32696 tower:16768,32,57,11,breakable:100,1,1,34,0,91,,rtex238:2297 rtex236:1536 rtex239:72 rtex237:64,,ok,1,cath,404 40 -75 54 0,407 15 -63 55 45,
rtex236,rtex236,world,64x64,data1,blackmarsh cathedral,53276,13,village3:40966 cath:12310,0,77,23,breakable:100,1,1,28,0,62,,rtex235:1536 rtex238:384,,ok,1,village3,473 472 494 0 136,525 422 494 0 136,
rtex237,rtex237,world,64x64,data1 portals,cathedral keep,28195,16,keep4:10339 tower:9664 castle4:8192,7,71,22,breakable:66,1,1x0.5,25,0,64,,rtex043~79b8:480 rtex239:288 rtex386:267 marbleseam:216 rtex238:160 rtex235:64,,ok,1,keep4,33 805 -130 0 -110,57 873 -130 0 -110,
rtex238,rtex238,world,64x64,data1,cathedral,100666,30,cath:69626 castle4:31040,8,65,27,breakable:100,1,0.97x1,27,0,68,,rtex235:2297 rtex239:680 rtex236:384 rtex237:160,,ok,1,cath,439 33 -82 0 -45,406 67 -82 0 -46,
rtex239,rtex239,world,64x64,data1 portals,keep cathedral,45715,40,keep4:31123 castle4:14592,16,73,11,breakable:100,1,0.5,39,0,84,,rtex238:680 rtex237:288 rtex235:72,,ok,1,keep4,-45 772 -43 55 134,-15 743 16 55 135,
rtex240,rtex240,world,64x32,data1,blackmarsh,11264,3,village1:11264,18,82,0,breakable:100,2,1,102,0,139,,rtex041:416,,ok,1,village1,-774 2440 118 0 180,-685 2440 118 0 180,
rtex241,rtex241,world,64x64,data1,blackmarsh mazaera,2438001,186,demo2:1629754 demo1:633826 meso3:174421,98,2,0,,1,3.2x3.5,52,12,95,rtex080~6280:48,#lowlight~a060:8397 rtex053:6142 rtex022:6020 rtex020:4085 rtex413~5d51:2528 rtex080~6280:1891,,ok,1,demo2,1688 208 -286 55 90,1761 199 -231 55 135,
rtex242,rtex242,world,64x64,data1 portals,blackmarsh keep cathedral,51640,28,demo2:17153 tower:9087 keep2:9016 keep3:7456 cath:6336 village3:2592,59,5,36,breakable:50,1,0.98x1,58,0,131,rtex113:725,rtex113:454 rtex246:414 rtex041:408 rtex005:81 rtex003:72 rtex105:56,,ok,1,demo2,323 283 37 55 -135,296 306 54 55 -90,
rtex243,rtex243,world,64x64,data1 portals,blackmarsh keep,18926,11,keep3:8956 village2:6226 village1:3744,60,3,38,breakable:47,1,1x0.88,48,0,97,,rtex043~79b8:449 rtex041:408 rtex020:230 rtex111:176 rtex038:72,,ok,1,keep3,-748 224 141 54 0,-789 224 200 55 0,
rtex245,rtex245,world,64x32,data1,blackmarsh,16384,2,village1:16384,0,100,0,breakable:100,2,1,149,116,183,,rtex113:768,,ok,1,village1,-982 1120 158 0 180,-848 1120 158 0 180,
rtex246,rtex246,world,64x32,data1 portals,keep blackmarsh,33792,52,keep2:33024 village3:768,2,58,40,breakable:91,1,1.8x0.75,22,0,75,rtex249:560,rtex242:414 rtex043~79b8:281 rtex211:256 rtex515:192 rtex172:64 rtex249:48,,ok,1,keep2,-161 1416 66 0 180,-110 1246 66 0 120,
rtex248,rtex248,world,64x32,data1 portals,blackmarsh keep,13952,5,village2:9600 keep2:2304 demo2:2048,0,100,0,breakable:100,1.5,1,107,99,151,rtex043~79b8:72,rtex113:496 rtex043~79b8:192,,ok,1,village2,789 1512 126 0 0,688 1512 126 0 0,
rtex249,rtex249,world,112x112,data1 portals,blackmarsh keep,243628,123,demo2:81600 village1:58234 village3:56985 village2:33112 keep2:13696,56,9,35,breakable:49,1,0.64x0.88,55,0,118,rtex246:560 rtex030:77,rtex041:5123 rtex030:1361 rtex113:608 rtex038:550 rtex005:384 rtex112:204,,ok,1,demo2,954 1336 170 55 0,949 1289 205 55 45,
rtex250,rtex250,world,64x96,data1 portals,blackmarsh keep cathedral,219060,64,village2:64864 castle4:61440 keep2:57344 village3:27648 keep3:7764,4,93,3,door:91,1,1,36,0,75,,rtex008:1222 rtex103:720 rtex011:576 rtex226:512 rtex099:480 rtex092:448,,ok,1,village2,-230 192 -594 0 180,-141 192 -594 0 180,
rtex251,rtex251,world,96x128,data1 portals,blackmarsh keep cathedral other,2019652,192,village1:369024 village4:220288 keep3:214836 demo1:132480 demo2:107520 village2:107520 tower:106896 keep4:104192 thomas:91392 demo3:81408 castle5:79872 keep2:77312 keep5:74496 castle4:70656 cath:67296 village3:60192 village5:54272,2,96,2,door:34 breakable:1.8 button:0.02,1,1,35,0,101,rtex022:1376 rtex001:1024 rtex020:512 rtex429~0a31:320 rtex011:256 rtex499~5dec:252,rtex121:6432 rtex011:5085 rtex022:2852 rtex028:2563 rtex099:1664 rtex008:1520,,ok,1,village1,1472 60 162 0 0,1472 60 162 0 0,
rtex252,rtex252,world,64x128,data1,septimus,66560,8,romeric4:16384 romeric5:16384 romeric7:16384 romeric1:9216 romeric2:8192,0,100,0,,1,1,69,55,110,,rtex422~cba5:768 rtex439~2bcd:768 rtex031:512 rtex436:352 rtex306:320 rtex432~9e36:128,,ok,1,romeric4,218 -128 -322 0 180,352 -128 -322 0 180,
rtex253,rtex253,world,64x128,data1,deathmatch septimus,4198358,493,ravdm1:3800046 romeric5:220908 romeric7:77172 romeric4:69511 romeric2:30720,87,9,4,breakable:0.73,1,3x1.8,88,41,136,rtex427~cc5e:3584 rtex028:769 rtex306:384 rtex313:368 rtex311:192,rtex427~cc5e:34560 rtex422~cba5:23872 rtex310:15616 #lava000:6391 rtex418~19a3:4096 #lowlight~a060:2048,,ok,1,ravdm1,1142 2960 486 55 0,1088 2960 564 55 0,
rtex254,rtex254,world,64x128,data1,septimus,353779,65,romeric1:247322 romeric2:106457,22,58,20,,1,2x0.75,56,33,76,rtex259:494 rtex124:128 rtex473:96 rtex256:53,rtex256:4960 rtex306:2624 rtex469~cfbf:256 rtex422~cba5:128 rtex436:128 rtex259:88,,ok,1,romeric1,-1339 -427 -101 55 0,-1339 -427 -101 55 0,
rtex255,rtex255,world,64x128,data1,septimus deathmatch,5141136,1169,romeric3:1119642 romeric2:1029984 romeric5:617216 romeric7:596224 romeric1:564409 romeric4:441085 romeric6:415995 ravdm1:356580,0,99,0,door:3 breakable:2.4,1,0.75x1,57,0,109,rtex259:1600 rtex422~cba5:1488 rtex439~2bcd:1024 rtex256:960 rtex418~19a3:512 rtex460~e88f:368,rtex422~cba5:35859 rtex028:18748 rtex008:17154 rtex256:13760 rtex309:12112 rtex439~2bcd:8218,,ok,1,romeric3,794 -112 -34 0 0,637 -280 -34 0 30,
rtex256,rtex256,world,64x64,data1,septimus deathmatch,9030203,1134,romeric5:3737344 romeric2:3302697 romeric3:1021413 romeric4:431104 romeric1:369326 romeric7:113600 ravdm1:54720,7,92,2,door:2.2 breakable:0.25,1,2,60,0,98,rtex414~e4ec:1344 rtex422~cba5:1264 rtex436:1162 rtex255:960 rtex441~3aaf:560 rtex449:544,rtex306:31444 rtex439~2bcd:26986 rtex028:15113 rtex255:13760 rtex422~cba5:13567 rtex437~2f52:12936,,ok,1,romeric5,926 -41 -198 0 180,1224 -41 -198 0 180,
rtex257,rtex257,world,64x32,data1,septimus deathmatch,385305,269,romeric3:148922 romeric6:102400 romeric2:57317 ravdm1:36864 romeric1:24576 romeric5:15226,8,84,7,breakable:22,1,1,36,0,78,,rtex028:2784 rtex439~2bcd:2333 rtex255:2229 rtex173:2107 rtex421~15b9:1904 rtex422~cba5:1757,,ok,1,romeric3,608 1237 114 -14 90,608 1168 97 -14 90,
rtex258,rtex258,world,64x32,data1,septimus deathmatch,450508,336,romeric7:135552 romeric3:119273 romeric2:85836 romeric6:66344 ravdm1:24576 romeric5:18927,2,97,1,breakable:7.3 door:3.6 mover:2,1,1,44,0,97,rtex436:640 rtex439~2bcd:224 rtex427~cc5e:128 rtex028:64,rtex439~2bcd:5920 rtex028:4864 rtex008:3552 rtex173:3307 rtex306:2909 rtex255:1856,,ok,1,romeric7,-784 2587 126 0 -180,-736 2587 126 0 -180,
rtex259,rtex259,world,64x64,data1,septimus,9829928,590,romeric2:5411208 romeric1:3036203 romeric7:1088936 romeric4:293580,3,94,3,,1,3.5x3.1,44,2,83,rtex436:4336 rtex435~ebbe:2331 rtex255:1600 rtex427~cc5e:656 rtex439~2bcd:616 rtex254:494,sky000~1272:21721 rtex080~6280:14576 rtex439~2bcd:11575 rtex449:7149 rtex008:5645 rtex456~b509:5158,,ok,1,romeric2,2718 -336 -134 0 0,2555 -336 -134 0 0,
rtex261,rtex261,world,64x32,data1,mazaera,14592,8,meso3:14592,0,100,0,,1,0.94x1,104,78,115,,mtex435:480 rtex262:288 rtex126:256 rtex263:202 rtex264:192,,ok,1,meso3,117 272 80 0 -90,117 301 80 0 -90,
rtex262,rtex262,world,32x32,data1,mazaera,4608,4,meso3:4608,100,0,0,,1,1x1.1,0,0,0,,rtex261:288 rtex126:128 rtex263:128,,ok,1,meso3,113 208 118 55 0,113 208 118 55 0,
rtex263,rtex263,world,32x32,data1,mazaera,3238,4,meso3:3238,100,0,0,,1,1x0.75,15,10,21,,rtex261:202 rtex264:128 rtex262:128,,ok,1,meso3,83 208 114 55 0,52 208 130 40 0,
rtex264,rtex264,world,32x32,data1,mazaera,3072,4,meso3:3072,0,100,0,,1,1x0.75,48,40,56,,rtex261:192 mtex435:128 rtex263:128,,ok,1,meso3,40 208 74 0 0,-32 208 74 0 0,
rtex265,rtex265,world,64x128,data1,mazaera,890793,126,meso3:845711 meso4:45082,2,98,0,door:6,1,2.2x1.1,54,9,105,rtex126:203 rtex333:160 rtex273:128,rtex099:8524 sky001~4893:3720 rtex080~6280:2176 rtex273:1009 rtex276:728 mtex457:704,,ok,1,meso3,46 520 -19 0 -60,-71 723 -19 0 -60,
rtex266,rtex266,world,64x64,data1,mazaera,4096,1,meso4:4096,0,0,100,door:100,1,1,0,0,0,,rtex286:256,,none,1,,,,
rtex267,rtex267,world,64x64,data1,deathmatch mazaera,50736,39,ravdm5:49712 meso2:1024,0,100,0,,1,3x0.12,31,8,60,rtex103:256,#lava000:9924 rtex277:3107 rtex328:2851 rtex275:128 rtex272:128 rtex274:32,,ok,1,ravdm5,1414 1070 -253 25 -45,1444 1190 -309 0 -75,
rtex270,rtex270,world,64x16,data1,mazaera,449498,203,meso1:148954 meso6:132352 meso9:65536 meso5:46592 meso4:39168 meso3:11776 meso8:5120,0,100,0,,1,3x1,106,18,254,mtex497:2640 rtex278:464 mtex444:384 rtex099:368 rtex332:256 rtex103:144,rtex275:7742 rtex077:5504 rtex008:5376 rtex276:3887 #lava000:3712 rtex328:3376,,ok,1,meso1,-64 1106 -218 0 120,-291 821 -218 0 60,
rtex272,rtex272,world,64x128,data1,deathmatch mazaera,5755013,726,ravdm5:3194303 meso6:2196649 meso3:364062,0,100,0,door:0.14,1,2.8x1,54,22,87,mtex443:6008 rtex099:1631 mtex486:576 mtex454:496 mtex450:256 rtex328:224,rtex099:18753 rtex328:18607 mtex470:18338 rtex077:10178 #lava000:8882 rtex072:7583,,ok,1,ravdm5,1603 -202 -28 0 0,1368 -202 -28 0 0,
rtex273,rtex273,world,64x128,data1,mazaera,269696,87,meso3:173056 meso4:96640,66,24,10,door:25,1,1.5x0.56,47,18,88,rtex265:128 rtex099:32,rtex333:7058 rtex126:2690 rtex272:2464 rtex265:1009 mtex487:994 mtex450:896,,ok,1,meso3,-51 352 7 55 0,-91 261 117 55 45,
rtex274,rtex274,world,64x128,data1,mazaera,16423415,1965,meso8:4417244 meso2:4153036 meso5:3532192 meso6:2480719 meso4:1840224,0,100,0,door:0.65,1,2.2x1,64,13,118,rtex125:1684 rtex099:1622 mtex448:1267 mtex496:1216 rtex008:1128 mtex454:1072,mtex470:49212 #lava001:27212 rtex103:26464 #lava000:23758 rtex077:20945 sky001~4893:19176,,ok,1,meso8,-319 2670 494 0 153,-174 2597 494 0 153,
rtex275,rtex275,world,64x64,data1,mazaera,4912333,518,meso1:1804114 meso4:1212288 meso2:791779 meso5:454400 meso3:431640 meso8:218112,1,1,97,door:0.23,1,2x2.5,60,12,123,rtex328:521 rtex331:384 rtex008:384 rtex278:192 rtex099:96 rtex076:64,rtex328:21551 rtex274:18142 rtex099:8750 rtex278:8122 rtex270:7742 rtex103:7000,,ok,1,meso1,-589 -784 -160 -55 0,-607 -879 -162 -40 45,
rtex276,rtex276,world,64x64,data1,mazaera,4386881,589,meso1:2192014 meso3:1003700 meso9:462848 meso2:434460 meso6:293859,99,0,1,,1,2,79,26,151,mtex458:5696 mtex460:512 mtex461:512 mtex466:128 mtex468:128 mtex467:128,mtex450:11740 rtex328:10910 rtex099:8296 rtex331:6919 mtex488:6491 rtex126:6331,,ok,1,meso1,-117 661 248 55 0,-65 548 335 55 90,
rtex277,rtex277,world,64x128,data1,mazaera deathmatch,2070355,314,meso3:1126964 ravdm5:368562 meso2:306442 meso5:266338 meso4:2048,37,57,6,door:2,1,2x0.94,62,3,111,rtex099:1680 rtex298:588 rtex103:204 rtex023:128 rtex331:128 rtex050:104,mtex450:8908 mtex470:5567 rtex099:3920 rtex276:3902 rtex103:3790 rtex126:3640,,ok,1,meso3,887 471 -148 0 -90,1003 586 -148 0 -120,
rtex278,rtex278,world,64x128,data1,mazaera,3206816,354,meso4:1362880 meso9:1139712 meso8:380361 meso3:177025 meso2:146838,2,98,0,door:0.42,1,1.8x1.2,62,1,117,rtex270:464 rtex333:352 rtex099:320 rtex275:192 rtex050:104 rtex097:96,rtex099:14662 rtex275:8122 mtex470:6488 rtex286:4408 #lava001:3496 rtex008:1928,,ok,1,meso4,-386 721 -749 0 -90,-474 791 -749 0 -60,
rtex279,rtex279,world,32x32,data1,thysis,124786,69,egypt7:104474 egypt2:10200 egypt3:10112,7,84,9,breakable:84,1.4,1.2x2.9,55,0,112,,rtex028:730 rtex361~70aa:150,,ok,1,egypt7,-440 309 352 0 0,-579 309 352 0 0,
rtex280,rtex280,world,32x32,data1,thysis,4416,22,egypt7:4416,11,77,12,breakable:100,0.8,0.9x1.2,66,0,128,,,,ok,1,egypt7,-405 199 346 0 0,-477 199 346 0 0,
rtex281,rtex281,world,64x112,data1,thysis,24932,20,egypt7:24932,20,79,1,breakable:100,1,1.1x0.5,54,0,144,,rtex029:37,,ok,1,egypt7,-428 312 350 0 -45,-487 371 350 0 -45,
rtex282,rtex282,world,64x64,data1,thysis deathmatch,3024651,580,egypt3:1155127 egypt1:825329 ravdm4:545633 egypt2:337803 egypt5:148632 egypt7:12128,71,18,10,breakable:0.4,1,1.7x2.6,87,0,245,rtex028:1022 rtex362~b302:755 rtex337:221 rtex358~7b4d:24,rtex337:14736 rtex382~d2b1:2241 rtex362~b302:2138 rtex322:2026 rtex361~70aa:1975 rtex383~20b5:1749,,ok,1,egypt3,-1635 -342 -5 55 0,-1740 -501 239 55 45,
rtex285,rtex285,world,64x64,data1,mazaera,103367,22,meso8:97823 meso6:5544,0,100,0,,1,2.7x0.75,11,7,13,mtex471:0,mtex458:1526 mtex471:954 mtex470:746 rtex125:173 rtex274:64,,ok,1,meso8,-96 2690 630 0 116,-16 2530 630 0 117,
rtex286,rtex286,world,64x64,data1,mazaera,832813,149,meso4:470848 meso2:164992 meso3:160768 meso5:36205,71,10,19,door:8.5,1,1.5x2,72,10,117,rtex099:128,rtex278:4408 rtex270:3256 rtex277:3212 rtex126:2896 rtex274:2012 rtex103:1168,,ok,1,meso4,-225 393 -687 55 -91,-308 275 -571 55 45,
rtex287,rtex287,world,64x64,data1,mazaera,184320,7,meso9:184320,0,0,100,,1,3,27,8,69,,mtex488:2944,,ok,1,meso9,1779 736 -32 -55 0,1722 736 -34 -40 0,
rtex292,rtex292,world,64x64,data1,mazaera,27456,12,meso9:21504 meso4:5952,34,66,0,,1,1.5x0.5,113,0,148,,rtex297:384 rtex126:272 mtex488:224 rtex099:155,,ok,1,meso4,757 500 -294 0 -150,757 500 -294 0 -150,
rtex295,rtex295,world,64x64,data1,mazaera,136647,38,meso4:105472 meso1:31175,6,94,0,door:6.7,1,1,36,5,59,rtex298:528 rtex296:416 rtex333:32,rtex298:6239 mtex407:576 rtex099:416 rtex332:367 rtex333:64,,ok,1,meso4,227 230 -357 0 1,208 147 -357 0 60,
rtex296,rtex296,world,64x64,data1,mazaera,178944,47,meso4:178944,0,99,1,door:9.7,1,1,50,2,89,rtex298:776 rtex295:416,rtex298:8952 rtex099:668,,ok,1,meso4,96 696 -354 0 90,96 624 -354 0 90,
rtex297,rtex297,world,64x32,data1,mazaera,271600,147,meso6:59136 meso4:49776 meso5:41088 meso2:38272 meso1:30720 meso9:23552 meso8:18432 meso3:10624,7,71,22,plaque:63 door:0.38,1,1x1.5,33,0,108,rtex099:112 mtex456:16,mtex425:3823 rtex274:1984 rtex099:1803 rtex126:816 mtex456:743 mtex470:672,,ok,1,meso6,-888 -960 10 0 180,-816 -960 10 0 180,
rtex298,rtex298,world,64x64,data1,mazaera,1643926,348,meso4:1608896 meso1:25617 meso2:9413,30,40,30,door:11,1,1.8x1.2,46,0,80,rtex296:776 rtex277:588 rtex295:528 rtex099:240 rtex333:64 rtex278:18,rtex296:8952 rtex333:6584 rtex295:6239 rtex099:2374 #rtex078:1177 mtex407:599,,ok,1,meso4,27 196 -309 55 0,27 196 -309 55 0,
rtex301,rtex301,world,64x128,data1,mazaera,305682,64,meso2:180480 meso9:61714 meso6:55296 meso5:8192,11,79,11,door:56,1,1.5x1,28,0,72,rtex103:128,rtex099:1152 rtex105:1040 rtex095:1040 rtex103:464 rtex274:384 rtex330:160,,ok,1,meso2,-310 862 9 0 -90,-506 1107 9 0 -60,
rtex305,rtex305,world,64x64,data1,septimus,15299,13,romeric3:15299,0,93,7,,1,1x0.5,21,1,97,,rtex433~0e36:256 rtex008:192 rtex124:176 rtex422~cba5:148 rtex028:82,,ok,1,romeric3,3570 2416 -127 0 0,3452 2416 -127 0 0,
rtex306,rtex306,world,64x64,data1,septimus deathmatch,23379627,1660,romeric5:6090579 ravdm1:5503680 romeric7:3187714 romeric1:3187146 romeric2:2550194 romeric4:1919531 romeric3:940783,1,3,96,,1,2.6x2.5,72,20,129,rtex103:3119 rtex484:2624 rtex435~ebbe:1216 rtex422~cba5:1200 rtex427~cc5e:640 rtex253:384,rtex422~cba5:104571 rtex439~2bcd:70647 rtex427~cc5e:44496 rtex256:31444 rtex428:20584 rtex310:16077,,ok,1,romeric5,1541 -86 -56 -55 0,1448 -86 -189 -55 0,
rtex307,rtex307,world,48x64,data1,septimus,4608,2,romeric4:4608,0,100,0,,1,1,125,125,125,rtex308:128,rtex466:275,,ok,1,romeric4,448 -72 -194 0 0,376 -72 -194 0 0,
rtex308,rtex308,world,64x64,data1,septimus,36864,5,romeric3:32768 romeric4:4096,0,100,0,,1,2x1,49,16,129,rtex439~2bcd:384 rtex441~3aaf:256 rtex307:128,rtex306:512 rtex439~2bcd:128 rtex437~2f52:128 rtex441~3aaf:128 rtex466:128,,ok,1,romeric3,1984 -1126 -210 0 -90,1984 -992 -210 0 -90,
rtex309,rtex309,world,64x16,data1,septimus,1194420,1064,romeric5:335092 romeric2:269231 romeric3:239303 romeric1:167858 romeric7:91800 romeric4:91136,0,100,0,door:0.48,1,1.6x1,51,0,94,rtex428:3738 rtex406:1168 rtex427~cc5e:208 rtex422~cba5:48,rtex028:47792 rtex008:33255 rtex255:12112 rtex439~2bcd:9680 rtex256:9327 rtex306:8531,,ok,1,romeric5,-16 178 68 -25 90,-16 -35 -32 -25 90,
rtex310,rtex310,world,64x16,data1,deathmatch septimus,314880,127,ravdm1:192512 romeric5:71680 romeric2:23296 romeric3:19200 romeric1:8192,0,100,0,,1,3x1,37,2,71,rtex256:320 rtex096:192 rtex422~cba5:128 rtex439~2bcd:48,rtex306:16077 rtex253:15616 rtex439~2bcd:5248 rtex422~cba5:2560 rtex409:1456 rtex416~f60c:768,,ok,1,ravdm1,294 1248 198 0 180,311 1335 198 0 -150,
rtex311,rtex311,world,96x64,data1,septimus,7990,4,romeric7:7990,23,77,0,,1,1,65,0,85,rtex253:192,rtex032:231 rtex253:16,,ok,1,romeric7,-800 1205 275 0 90,-800 1104 275 0 90,
rtex312,rtex312,world,64x64,data1,septimus,79388,19,romeric1:36864 romeric5:16981 romeric3:9159 romeric2:8192 romeric7:8192,10,90,0,,1,1,77,44,119,rtex427~cc5e:448 rtex439~2bcd:256 rtex422~cba5:143 rtex436:32,rtex103:1043 rtex439~2bcd:800 rtex125:768 rtex008:512 rtex433~0e36:256 rtex422~cba5:143,,ok,1,romeric1,932 -960 -35 54 0,891 -960 24 55 0,
rtex313,rtex313,world,144x64,data1,septimus,36832,6,romeric1:18432 romeric7:18400,0,100,0,,1,1,114,107,121,rtex253:368,rtex028:832 rtex253:349 rtex032:8,,ok,1,romeric1,-1401 200 -82 0 0,-1552 200 -82 0 0,
rtex314,rtex314,world,64x96,data1,thysis,149513,50,egypt7:149513,11,81,8,breakable:94,1.8,0.42x0.46,42,0,124,,rtex340~6ce4:284,,ok,1,egypt7,-374 310 202 0 60,-580 341 202 0 0,
rtex316,rtex316,world,48x64,data1,thysis,30768,14,egypt7:30768,22,55,22,breakable:100,1.2,0.67x1.3,49,0,112,,,,ok,1,egypt7,-370 333 168 55 -179,-367 307 236 70 135,
rtex317,rtex317,world,48x48,data1,thysis,176,4,egypt7:176,0,51,49,breakable:100,2.4x2.2,0.07x0.11,15,0,30,rtex029:31,,,none,1,,,,
rtex318,rtex318,world,32x32,data1,thysis,29444,21,egypt7:29444,17,55,28,breakable:100,1.4x1.6,1.5x0.76,61,0,138,,,,ok,1,egypt7,-367 228 476 55 0,-413 228 542 55 0,
rtex319,rtex319,world,32x32,data1,thysis,20409,26,egypt7:20409,31,39,30,breakable:100,2.4x2.3,0.62x0.5,63,1,127,,,,ok,1,egypt7,-517 322 156 55 1,-559 322 215 55 0,
rtex320,rtex320,world,64x208,data1,thysis,224983,51,egypt7:224983,26,54,20,breakable:92,2,0.43x0.35,45,0,118,,rtex282:717 rtex340~6ce4:324,,ok,1,egypt7,-512 241 191 55 -45,-578 308 326 55 -45,
rtex321,rtex321,world,64x128,data1,thysis mazaera,3925487,552,egypt2:1289246 egypt1:1141336 egypt4:604640 rider2c:476160 egypt7:149427 egypt5:130432 egypt3:82971 egypt6:51274,7,70,23,breakable:21 mover:0.45 door:0.29,1,1.1x1,39,0,83,rtex125:768 rtex324:288 rtex028:192 rtex337:162 rtex395~f0a5:160 rtex322:128,rtex337:25477 rtex028:8653 rtex377:5794 rtex322:4469 rtex358~7b4d:2450 rtex356~0c6b:2128,,ok,1,egypt2,-1355 1301 201 -55 0,-1345 1185 147 -55 45,
rtex322,rtex322,world,64x64,data1,thysis,4119908,2053,egypt4:926884 egypt1:877491 egypt2:819465 egypt5:720714 egypt7:346004 egypt6:308430 egypt3:120921,5,85,9,breakable:23 door:0.79 mover:0.54,1,1x0.79,44,0,96,rtex337:5832 rtex028:5341 rtex385:2344 rtex131:1854 rtex103:1224 rtex029:752,rtex337:63400 rtex028:14724 rtex362~b302:12070 rtex029:10589 rtex384~4b5a:9430 rtex321:4469,,ok,1,egypt4,1997 1514 181 -55 0,1914 1514 63 -55 0,
rtex323,rtex323,world,96x128,data1,thysis mazaera,2213928,182,egypt1:577979 egypt5:434400 egypt2:310960 egypt3:300775 egypt4:250488 egypt6:176895 rider2c:162432,1,99,0,door:2.1,1.5,1.4x0.99,55,19,78,rtex337:1547 rtex028:1028 rtex368~1842:978 rtex008:320 rtex381:112,rtex337:24446 rtex028:6421 rtex362~b302:2518 rtex347:2368 rtex369:1552 rtex383~20b5:1544,,ok,1,egypt1,1499 1412 446 0 -90,1499 1741 446 0 -90,
rtex324,rtex324,world,64x128,data1,thysis,2547299,245,egypt4:1090282 egypt6:677976 egypt1:412050 egypt7:279862 egypt5:87128,1,98,1,door:4.1 button:0.06,1.4,2.2x1,47,11,84,rtex028:2242 rtex337:1565 rtex367~36b1:432 rtex354~d1c4:296 rtex321:288 rtex383~20b5:216,rtex337:21813 rtex028:7273 rtex029:4451 rtex322:2625 rtex384~4b5a:1755 rtex362~b302:1714,,ok,1,egypt4,136 1152 151 0 90,411 764 151 0 120,
rtex326,rtex326,world,32x128,data1,mazaera,81920,20,meso1:81920,0,100,0,,1,1,96,28,132,,rtex080~6280:512 rtex008:512 rtex328:128 rtex276:128,,ok,1,meso1,-224 -858 -130 0 90,-224 -992 -130 0 90,
rtex328,rtex328,world,64x64,data1,mazaera deathmatch,8782982,919,meso1:3302936 meso9:2672921 ravdm5:2049743 meso6:740998 meso4:16384,28,68,4,,1,2.9x2.5,68,25,111,mtex443:8148 sky001~4893:7680 mtex450:1024 rtex099:848 rtex275:521 rtex274:384,rtex275:21551 rtex272:18607 rtex276:10910 sky001~4893:10900 rtex099:10769 mtex450:8185,,ok,1,meso1,-334 449 133 0 0,-342 625 133 0 -60,
rtex329,rtex329,world,64x64,data1,mazaera,80512,17,meso2:70784 meso4:8192 meso1:1536,88,2,10,,1,3x0.5,43,9,88,rtex099:128,rtex274:4200 rtex328:352 biessman:256 mtex456:224 sky001~4893:32 rtex076:32,,ok,1,meso2,-438 1686 235 55 0,-438 1686 235 55 0,
rtex330,rtex330,world,64x64,data1,mazaera,424240,23,meso2:424240,0,100,0,,1,3.5,0,0,0,rtex274:464,#lava000:1382 sky001~4893:1104 biessman:824 rtex233:446 rtex045:370 rtex044:362,,ok,1,meso2,-1163 2255 158 0 -68,-1199 2342 158 0 -68,
rtex331,rtex331,world,64x128,data1,mazaera deathmatch,5254660,405,ravdm5:1868928 meso8:1821184 meso1:921549 meso6:302602 meso2:185216 meso3:84110 meso4:71071,39,18,43,,1,3.5x1.5,70,23,128,rtex333:1180 mtex456:608 mtex470:576 rtex275:384 rtex099:256 rtex328:216,rtex274:18945 #lava000:10142 mtex443:7200 rtex276:6919 rtex272:6824 rtex099:5663,,ok,1,ravdm5,898 141 14 -55 0,905 59 -25 -55 45,
rtex332,rtex332,world,64x128,data1,mazaera,4330495,256,meso9:2670592 meso3:1126484 meso6:431104 meso1:102315,86,4,10,,1,3.5x1.8,49,27,85,mtex458:6656 rtex099:832 rtex333:560 mtex448:520 rtex334:256 rtex270:256,mtex443:6356 rtex333:5665 mtex448:4141 #lowlight~a060:3904 rtex270:2704 rtex099:2369,,ok,1,meso9,100 1248 27 55 0,154 1023 271 55 90,
rtex333,rtex333,world,64x64,data1,mazaera,575182,309,meso3:205177 meso6:189269 meso4:129024 meso1:33280 meso2:18432,1,99,1,,1,2x0.25,50,1,101,rtex331:1180 rtex050:1024 rtex332:560 rtex334:480 rtex278:352 rtex265:160,mtex470:30699 rtex273:7058 rtex298:6584 rtex332:5665 rtex126:5648 #lowlight~a060:5128,,ok,1,meso3,-893 372 -277 0 0,-987 372 -277 0 0,
rtex334,rtex334,world,64x64,data1,mazaera,13312,26,meso6:7168 meso3:4096 meso4:2048,0,100,0,,1,0.75x0.25,85,44,131,rtex333:480 rtex332:256 mtex443:64,rtex097:960 rtex332:256 rtex008:160 rtex270:64,,ok,1,meso6,512 -104 38 0 0,440 -104 38 0 0,
rtex335,rtex335,world,64x128,data1 portals,cathedral keep,12717372,1403,keep3:4537867 tower:4062537 castle5:2355703 cath:705920 keep2:500635 keep1:360224 keep5:194487,24,57,19,door:0.1,1,2.6x1.2,63,19,112,trimtex:2960 rtex395~9104:2875 rtex336:2040 rosearch:1984 sky000~adb1:1360 rtex011:992,rtex336:40134 rtex342~6f88:18299 rtex003:13525 #lava000:9280 rtex041:8209 rtex450:7715,,ok,1,keep3,-224 -992 -28 -55 0,-321 -992 -165 -55 0,
rtex336,rtex336,world,64x128,data1 portals,cathedral keep blackmarsh deathmatch,14170912,1683,castle5:6144065 keep3:2584333 tower:1270701 keep2:1150648 keep5:1110272 village2:952528 village5:489881 ravdm2:353687 demo3:98409 keep1:16387,22,65,14,breakable:3.4 mover:0.37 door:0.29,1,2.2x1.1,68,17,120,rtex457~7081:2445 rtex335:2040 rtex395~9104:1812 rtex008:1246 rtex099:1216 rtex124:1157,rtex335:40134 #lava000:17819 rtex099:15642 rtex003:13790 rtex164:12763 rtex008:11653,,ok,1,castle5,-1237 -833 -210 0 -90,-1020 -771 -210 0 -150,
rtex337,rtex337,world,64x128,data1,thysis mazaera deathmatch,96890535,11873,egypt5:18309542 egypt4:15568095 egypt1:13654730 rider2c:11897029 egypt2:11413257 egypt6:7955268 ravdm4:6836011 egypt3:6680667 egypt7:4575936,23,49,28,door:1.1 breakable:0.6 static:0.17 mover:0.04 button:0.01,1,2.5x1.4,56,2,113,rtex028:37279 rtex385:8208 rtex384~4b5a:7167 rtex322:5832 rtex368~1842:5641 rtex029:4200,rtex028:97262 rtex322:63400 #lowlight~a060:61344 rtex362~b302:59379 sky000~1af1:45020 rtex340~6ce4:39725,,ok,1,egypt5,-1190 2903 -488 55 0,-1248 2903 -406 55 0,
rtex338,rtex338,world,64x128,data1,thysis,1332485,102,egypt1:966321 egypt7:228416 egypt3:137327 egypt5:422,0,100,0,,1,2.8x1.4,27,0,74,rtex337:291,rtex337:7139 sky000~1af1:1434 rtex282:797 rtex383~20b5:526 rtex322:394 rtex382~d2b1:257,,ok,1,egypt1,1573 3526 290 34 90,1573 3331 422 34 90,
rtex339~2f3c,rtex339,world,64x64,data1,thysis,562504,162,egypt7:247878 egypt3:132373 egypt5:130668 egypt1:46744 egypt4:2944 egypt6:1896,7,85,8,breakable:15 mover:8.3 door:3,1,1x1.9,51,0,121,rtex337:374 rtex029:351 rtex356~0c6b:184 rtex322:70 rtex129:48,rtex337:2283 rtex340~6ce4:1789 rtex385:848 rtex368~1842:812 rtex357~fee7:754 rtex359~9c7e:569,,ok,1,egypt7,-557 266 263 0 30,-747 156 263 0 30,
rtex339~77b7,rtex339,world,64x64,data1 portals,blackmarsh keep,6336,2,demo1:3264 keep4:3072,52,48,0,,1,0.75x1.1,36,4,69,rtex005:232 rtex001:176,rtex039~df99:48,,ok,1,keep4,-816 -264 126 0 0,-888 -264 126 0 0,
rtex340~6236,rtex340,world,64x64,data1,cathedral blackmarsh,27419,15,castle5:19355 demo3:5504 village3:2560,13,87,0,,1,0.5x1,70,27,110,,rtex164:1658 rtex388~6280:240 rtex022:224 rtex336:128,,ok,1,castle5,-581 582 174 0 135,-486 571 174 0 165,
rtex340~6ce4,rtex340,world,64x128,data1,thysis,5272635,677,egypt5:2300445 egypt4:1254755 egypt7:866446 egypt1:384351 egypt3:356758 egypt2:109880,31,56,14,door:2.6,1,2.5x1.4,44,1,84,rtex337:1906 rtex385:552 rtex359~9c7e:542 rtex028:502 rtex059:251 rtex129:187,rtex337:39725 #lowlight~a060:6737 rtex362~b302:3188 rtex028:2711 rtex322:2378 rtex029:2193,,ok,1,egypt5,-309 2238 -499 0 90,-309 2075 -499 0 90,
rtex341~099f,rtex341,world,64x64,data1 portals,blackmarsh keep,9664,12,demo2:3520 keep4:2304 keep2:2048 village3:1792,33,66,1,,1,0.75x1,60,2,75,rtex001:144,rtex004:224 rtex103:192 rtex006:128 rtex001:48,,ok,1,demo2,48 196 179 24 90,108 136 159 0 120,
rtex341~57c4,rtex341,world,64x160,data1,thysis,46751,10,egypt7:22563 egypt2:17268 egypt4:6919,33,61,6,door:85 mover:15,1,0.97x0.76,7,0,7,,rtex028:1946,,ok,1,egypt7,-1822 -398 60 0 0,-2027 -398 60 0 0,
rtex342~6f88,rtex342,world,128x80,data1 portals,keep deathmatch cathedral blackmarsh,2111220,891,keep5:541532 ravdm2:445826 castle5:425092 keep4:345073 ravdm3:238592 village4:58016 village1:44416 keep1:12672,9,85,6,door:10 mover:7.5,1,1x0.2,43,0,92,rtex028:1913 rtex165:1472 rtex336:304 rtex006:256 rtex009:240 rtex001:160,rtex003:51145 rtex008:26794 rtex433~db92:18918 rtex335:18299 rtex034:12949 marbleseam:11584,,ok,1,keep5,580 1763 -39 -55 0,634 1646 -129 -55 90,
rtex342~ccc0,rtex342,world,128x64,data1,thysis,41776,6,egypt6:41776,10,81,10,door:100,1,1.1x1.5,31,0,57,,,,none,5,,,,rank 4: world opaque: rtex337
rtex343~ad81,rtex343,world,128x64,data1,thysis,1594029,459,egypt1:628452 egypt4:499254 egypt6:190352 egypt2:171394 egypt5:102496 egypt3:2082,2,95,3,breakable:39 door:3,1,0.62x1.1,44,0,106,rtex028:3323 rtex345:84 rtex337:20,rtex337:13043 rtex028:11505 rtex322:3473 sky000~1af1:1633 rtex362~b302:1346 rtex282:1232,,ok,1,egypt1,1162 1817 571 0 0,1154 1993 571 0 -60,
rtex343~d686,rtex343,world,128x80,data1 portals,cathedral blackmarsh keep,806427,427,castle4:435747 village1:129024 demo2:106168 village5:55296 tower:30720 village2:22848 keep5:18432 eidolon:8192,0,99,0,door:14,1,1x0.2,49,0,106,rtex022:800 rtex003:256 rtex095:224 rtex099:152 rtex004:48 rtex226:40,rtex005:17696 rtex008:15620 rtex215:13187 rtex009:8679 rtex214:7944 rtex040:6624,,ok,1,castle4,675 1277 -154 0 0,605 1277 -48 25 0,
rtex344,rtex344,world,128x128,data1,thysis,488737,72,egypt1:310865 egypt2:177871,0,100,0,,1.2,1.4x0.94,54,0,106,rtex337:422 rtex028:372 rtex385:218,rtex337:8723 rtex028:1271 rtex419~43b8:384 rtex385:317 rtex383~20b5:176 rtex362~b302:176,,ok,1,egypt1,992 3762 -127 0 -90,992 3879 -127 0 -90,
rtex345,rtex345,world,256x128,data1,thysis,1155242,84,egypt6:498849 egypt4:387374 egypt1:156975 egypt2:112044,1,99,1,mover:3.5 door:1,1.6,0.49x0.91,67,41,87,rtex337:650 rtex028:216 rtex343~ad81:84 rtex364:64,rtex337:10315 rtex384~4b5a:5418 rtex322:871 rtex368~1842:790 rtex390~5c9c:754 rtex358~7b4d:250,,ok,1,egypt6,-504 3281 -122 0 0,-769 3281 -122 0 0,
rtex347,rtex347,world,128x128,data1,thysis,345728,15,egypt4:145024 egypt2:87040 egypt5:76800 egypt1:36864,25,75,0,door:67,1.3x1.5,1,48,0,82,rtex362~b302:768 rtex337:752 rtex324:176,rtex323:2368 rtex384~4b5a:1109 rtex121:992,,ok,1,egypt4,2450 376 310 0 0,2248 376 310 0 0,
rtex348,rtex348,world,64x64,data1,cathedral blackmarsh,1140323,80,castle5:420779 cath:377912 tower:215040 demo1:126592,52,0,48,,1,2.5x3.2,68,21,127,rtex099:1424,rtex336:4918 rtex038:2905 celt2:2636 rtex103:1920 rtex335:1280 rtex028:1225,,ok,1,castle5,7 -87 446 -55 0,-128 -87 253 -55 0,
rtex349~aa18,rtex349,world,64x64,data1,cathedral,280892,31,cath:280892,100,0,0,,1,3.1x1.9,61,35,106,rtex028:128,rtex038:3418 rtex028:1368 rtex090:532 rtex030:76 rtex058:10,,ok,1,cath,82 720 77 55 0,314 720 154 55 180,
rtex349~f786,rtex349,world,512x256,data1,thysis mazaera,544959,48,egypt2:244722 egypt3:243917 rider2c:56320,78,0,22,button:43,1,0.33x0.74,35,0,85,rtex028:1824 rtex350:1184 rtex337:512 rtex351~712b:160,rtex369:2275 rtex322:303 rtex377:192 rtex358~7b4d:42 rtex028:38,,ok,1,egypt2,-1063 1150 241 55 0,-1183 1150 413 55 0,
rtex350,rtex350,world,512x256,data1,thysis mazaera,551758,32,egypt3:247723 egypt2:247714 rider2c:56320,79,0,21,button:42,1,0.41x0.76,40,0,93,rtex028:2048 rtex349~f786:1184 rtex337:512 rtex352~605a:160,rtex369:2299 rtex377:192,,ok,1,egypt3,-1288 693 231 40 90,-1288 619 293 40 90,
rtex351~712b,rtex351,world,256x256,data1,mazaera,56320,3,rider2c:56320,100,0,0,,1,0.62,60,51,68,rtex337:512 rtex352~605a:160 rtex349~f786:160,rtex377:192,,ok,1,rider2c,1216 1830 306 55 0,1119 1830 443 55 0,
rtex351~f99b,rtex351,world,128x64,data1,cathedral blackmarsh,32738,23,cath:22832 demo3:9906,18,44,38,breakable:30 door:25,1,1x0.87,70,0,136,rtex113:108,rtex113:416 rtex354~cb76:256 rtex363~5e61:192 rtex352~e5e9:128 rtex366~8db9:112 rtex365~9c52:16,,ok,1,cath,-1474 468 316 0 90,-1474 468 316 0 90,
rtex352~605a,rtex352,world,256x256,data1,mazaera thysis,57600,7,rider2c:56320 egypt1:1280,98,2,0,,1,0.62x0.88,65,61,70,rtex337:512 rtex351~712b:160 rtex350:160,rtex059:320 sky000~1af1:320 rtex377:192 rtex337:4 rtex382~d2b1:4,,ok,1,rider2c,1494 1840 342 55 0,1359 1840 535 55 0,
rtex352~e5e9,rtex352,world,96x80,data1 portals,blackmarsh cathedral keep,14592,6,village5:6144 cath:4608 keep4:3840,0,100,0,door:74,1,0.5x0.8,55,1,160,,rtex354~cb76:416 rtex353~6039:352 rtex351~f99b:128 thronetex1:96 rtex001:80,,ok,1,village5,-1280 1072 294 0 0,-1328 1072 294 0 0,
rtex353~6039,rtex353,world,128x80,data1 portals,blackmarsh cathedral keep,28864,8,village1:9216 cath:8192 village5:8192 keep4:3264,92,8,0,door:57,1,1x0.8,86,52,105,,rtex354~cb76:772 rtex352~e5e9:352 rtex063:176 rtex103:96 rtex001:68 rtex029:16,,ok,2,village1,-1365 2562 230 56 -1,-1349 2493 304 55 90,
rtex353~8fc7,rtex353,world,128x128,data1,thysis,207983,41,egypt2:116976 egypt1:59184 egypt5:21296 egypt3:10527,0,70,30,breakable:5.1,0.5,1.5x0.84,32,0,80,rtex028:336 rtex322:122,rtex337:1828 rtex029:1644 rtex322:878 rtex028:365 rtex282:276,,ok,1,egypt2,-1217 -1626 60 -55 0,-1251 -1705 -37 -55 45,
rtex354~cb76,rtex354,world,128x96,data1 portals,blackmarsh cathedral keep,31904,7,village5:12288 cath:9216 village1:7680 keep4:2720,0,100,0,door:67,1,1x0.5,93,27,239,,rtex353~6039:772 rtex352~e5e9:416 rtex351~f99b:256 rtex112:144 rtex103:80 thronetex1:68,,ok,1,village5,-1168 1194 294 0 -90,-1168 1283 294 0 -90,
rtex354~d1c4,rtex354,world,128x128,data1,thysis,733954,42,egypt2:289382 egypt5:289172 egypt1:67080 egypt4:44160 egypt6:44160,20,44,36,,1,0.99x1.1,48,1,79,rtex359~9c7e:946 rtex384~4b5a:480 rtex324:296 rtex337:128 rtex321:80,rtex337:6492 sky000~1af1:1016 rtex381:736 rtex359~9c7e:248 rtex384~4b5a:240 rtex322:4,,ok,1,egypt2,-2771 1297 230 -55 0,-2861 1297 101 -55 0,
rtex355,rtex355,world,112x112,data1 portals,blackmarsh keep deathmatch,516497,51,village5:197632 keep5:68912 keep1:60800 village2:53824 demo1:46592 keep4:29618 keep2:26992 demo2:19584 ravdm3:6400 demo3:6144,62,19,18,static:29,2,1,100,13,205,rtex173:1201 rtex028:928 rtex029:880 rtex099:864 rtex039~df99:112,rtex342~6f88:1416 rtex029:896 rtex008:846 rtex038:622 rtex028:560 rtex102:448,,ok,1,village5,129 1032 177 55 0,26 1032 324 55 0,
rtex356~0c6b,rtex356,world,128x128,data1,thysis,2939182,227,egypt1:1117229 egypt5:671303 egypt4:586202 egypt2:448278 egypt6:80571 egypt3:35600,6,93,1,door:2.3,1.4,1.3x0.94,51,8,89,rtex337:810 rtex368~1842:504 rtex364:416 rtex322:392 rtex370:353 rtex384~4b5a:320,rtex337:14837 rtex384~4b5a:8307 rtex028:7344 rtex358~7b4d:4716 rtex322:2675 sky000~1af1:2652,,ok,1,egypt1,1338 775 637 0 -180,1399 775 637 0 -180,
rtex356~ae6a,rtex356,world,96x144,data1,deathmatch cathedral,32768,4,ravdm3:18432 castle5:14336,0,100,0,,1,0.67x1,28,1,49,rtex165:704 rtex099:128,rtex336:320 rtex008:128 rtex335:128 marbleseam:128,,ok,1,castle5,-347 -690 -113 0 -90,-347 -666 -113 0 -90,
rtex357~63d4,rtex357,world,64x128,data1 portals,blackmarsh keep,354259,39,village2:144384 demo2:74270 keep3:69960 village4:34558 keep4:22896 keep2:8192,0,99,1,,1.5,1x0.98,115,74,162,rtex040:2032 rtex022:1952 rtex165:656 rtex450:339 trimtex:320 rtex001:128,rtex022:2149 rtex099:1050 rtex006:256 rtex040:200 rtex030:188 rtex039~df99:60,,ok,1,village2,2640 -2148 704 0 -90,2640 -1818 704 0 -90,
rtex357~fee7,rtex357,world,192x128,data1,thysis,1074155,89,egypt7:411142 egypt5:286885 egypt2:130598 egypt4:123264 egypt3:74650 egypt6:47616,2,96,2,door:16 static:1.5,1.3,1,39,0,73,rtex359~9c7e:1955 rtex368~1842:272 rtex384~4b5a:168 rtex337:166,rtex337:8156 rtex358~7b4d:2316 rtex362~b302:1036 rtex282:992 rtex339~2f3c:754 rtex377:670,,ok,1,egypt7,-615 232 23 0 -180,-549 232 23 0 -180,
rtex358~7b4d,rtex358,world,64x128,data1,thysis,2173411,1363,egypt4:585268 egypt1:429096 egypt5:338140 egypt2:295592 egypt3:294234 egypt7:163816 egypt6:67265,24,63,13,breakable:12 plaque:0.83 door:0.12 button:0.12,1,1x0.56,53,0,123,rtex337:2134 rtex384~4b5a:1980 rtex362~b302:1252 rtex361~70aa:140 rtex324:132 rtex359~9c7e:123,#rtex386:24709 rtex337:15481 rtex384~4b5a:4730 rtex356~0c6b:4716 rtex028:3837 rtex362~b302:3499,,ok,1,egypt4,406 1757 139 -41 90,406 1580 -16 -41 90,
rtex358~b464,rtex358,world,48x112,data1 portals,blackmarsh keep,142152,27,village2:84896 demo2:48040 keep1:9216,1,96,2,breakable:83,2.3x1.7,1x0.92,60,0,131,rtex488:576,rtex022:484 rtex414~80aa:208,,ok,1,village2,519 1690 94 0 180,704 1690 94 0 180,
rtex359~47da,rtex359,world,80x80,data1 portals,blackmarsh other,120560,10,demo2:45952 village2:32640 village4:23312 thomas:9328 village1:9328,0,100,0,,1.5,0.93x1,95,6,203,rtex022:608 rtex152:480 rtex021:416 rtex028:368 rtex034:224 rtex499~5dec:212,rtex022:880 rtex041:352 rtex029:272 rtex452~6404:88 rtex028:88 thronetex1:88,,ok,1,demo2,-560 -110 254 0 -90,-560 24 254 0 -90,
rtex359~9c7e,rtex359,world,160x128,data1,thysis,2349035,210,egypt7:788805 egypt5:628026 egypt2:618669 egypt4:215915 egypt6:94560 egypt3:3061,2,97,2,door:15 breakable:4.4 button:0.26,1.5x1.6,0.7x0.98,37,1,74,rtex357~fee7:1955 rtex354~d1c4:946 rtex337:694 rtex340~6ce4:542 rtex361~70aa:428 rtex028:365,rtex337:16438 rtex362~b302:2914 #lowlight~a060:1636 rtex028:1401 rtex378:1345 rtex322:1019,,ok,1,egypt7,-625 240 258 0 90,-625 108 258 0 90,
rtex360~cf6b,rtex360,world,96x224,data1,thysis,802948,24,egypt5:550989 egypt4:229568 egypt3:22392,0,99,1,button:4.5 breakable:2.8,1.9,2.3x0.81,52,8,83,rtex322:336,rtex337:3024 #rtex396:1284 rtex384~4b5a:846 rtex362~b302:766 rtex368~1842:710 rtex324:576,,ok,1,egypt5,-2124 -1316 -786 0 -90,-1819 -1272 -786 0 -150,
rtex360~ee3b,rtex360,world,64x176,data1 portals,blackmarsh keep,24052,7,demo2:16128 village2:6324 keep5:1600,9,81,9,door:67 mover:26,1,0.88x0.59,39,0,59,rtex001:176 rtex006:24,rtex022:904 rtex440~c299:192 rtex004:16 rtex001:8 rtex439~5f18:8 thronetex1:8,,ok,1,demo2,-263 -124 114 0 180,-241 -124 114 0 180,
rtex361~70aa,rtex361,world,208x128,data1,thysis,3368102,224,egypt2:1785475 egypt1:663694 egypt7:506905 egypt5:276768 egypt3:135259,0,99,0,door:8 breakable:2.7 button:0.12,1.4,0.74x1,44,0,77,rtex378:2590 rtex028:2208 rtex337:560 rtex359~9c7e:428 rtex384~4b5a:373 rtex367~36b1:340,rtex337:24069 rtex362~b302:9470 rtex358~7b4d:2855 sky000~1af1:2380 rtex282:1975 rtex028:945,,ok,1,egypt2,-41 -1751 166 0 90,194 -2083 166 0 120,
rtex361~7f50,rtex361,world,64x128,data1 portals,blackmarsh keep deathmatch,1245575,63,village4:664455 village2:477696 ravdm3:46080 keep4:32768 keep2:24576,0,100,0,,2x2.5,1.1x1,60,18,98,rtex165:2864 marbleseam:416 rtex022:400 rtex039~df99:32 rtex030:32,thronetex1:5319 rtex022:2312 rtex029:2200 rtex008:2048 rtex040:1611 rtex165:496,,ok,1,village4,1636 1549 398 0 180,1966 1549 398 0 180,
rtex362~89e7,rtex362,world,64x64,data1 portals,blackmarsh keep cathedral,369159,71,demo1:146920 keep4:96417 demo3:60672 tower:40062 cath:10240 village1:8192 village3:6656,1,86,13,door:33 plaque:6.8 button:0.31,1x1.3,2.6x1.1,51,0,80,rtex415~c6aa:362 rtex443:320 rtex099:248 rtex133:143 rtex335:96 rtex215:31,rtex415~c6aa:2176 rtex073:1915 rtex040:1696 rtex335:1437 rtex121:1312 rtex039~df99:996,,ok,1,demo1,-39 -1848 226 0 180,38 -1848 226 0 180,
rtex362~b302,rtex362,world,128x128,data1,thysis mazaera,10289297,1109,egypt1:3139874 egypt5:2889699 egypt2:2001441 egypt7:1245372 egypt3:626474 egypt4:362431 rider2c:24006,94,1,4,,1,1.3x1.2,52,9,95,rtex028:3049 rtex337:2190 rtex358~7b4d:1252 rtex347:768 rtex282:755 rtex385:572,rtex337:59379 rtex322:12070 rtex028:11878 rtex361~70aa:9470 rtex384~4b5a:7894 rtex029:5672,,ok,1,egypt1,1259 472 486 55 0,1169 472 615 55 0,
rtex363~22d3,rtex363,world,64x64,data1,thysis,80483,12,egypt5:30208 egypt4:15552 egypt7:15504 egypt3:9011 egypt2:8192 egypt1:2016,0,81,19,button:10,1,1.7x1,40,27,66,rtex385:144 rtex337:144,rtex337:1732 rtex028:652 rtex385:372 rtex361~70aa:204 rtex362~b302:144 rtex369:128,,ok,1,egypt5,-2030 -669 -151 0 90,-2030 -904 -151 0 90,
rtex363~5e61,rtex363,world,64x144,data1,cathedral,16521,3,cath:16521,5,95,0,,1.5x1,1x0.72,131,135,138,,rtex365~9c52:328 rtex351~f99b:192 rtex038:23,,ok,1,cath,-1476 605 387 0 -90,-1476 627 387 0 -90,
rtex364,rtex364,world,64x64,data1,mazaera thysis,144096,23,rider2c:131072 egypt2:4784 egypt3:4784 egypt7:2304 egypt4:1152,0,100,0,door:9,1,1x3.5,142,77,209,rtex377:1024 rtex337:1024 rtex356~0c6b:416 rtex384~4b5a:128 rtex345:64,rtex337:1024,,ok,1,rider2c,1245 32 414 0 180,1480 32 414 0 180,
rtex365~8a7a,rtex365,world,64x64,data1,thysis,64486,11,egypt1:62848 egypt2:1638,3,97,0,door:97,0.7x0.8,2.7x3.5,18,0,41,,rtex368~1842:272 rtex384~4b5a:169 rtex358~7b4d:64,,ok,1,egypt1,-172 2373 -332 0 -90,-172 2562 -332 0 -90,
rtex365~9c52,rtex365,world,32x64,data1,cathedral,1280,2,cath:1280,0,100,0,,1,0.25x1.6,83,67,113,,rtex363~5e61:328 rtex351~f99b:16 rtex038:8,,ok,1,cath,-1589 528 386 0 0,-1598 481 386 0 30,
rtex366~6547,rtex366,world,64x176,data1,thysis,219445,33,egypt2:80887 egypt3:76030 egypt1:53248 egypt5:9280,0,90,10,breakable:96 door:4.2,0.8x1,1.2x1,31,0,78,rtex028:234,rtex384~4b5a:256 rtex028:234 rtex368~1842:229,,ok,1,egypt2,-867 982 209 4 0,-1125 982 227 4 0,
rtex366~8db9,rtex366,world,32x32,data1,cathedral,2833,1,cath:2833,100,0,0,,1,3.5x0.75,127,127,127,,rtex113:163 rtex351~f99b:112,,ok,1,cath,-1491 558 372 70 0,-1507 558 416 70 0,
rtex367~2533,rtex367,world,112x144,data1 portals,blackmarsh keep cathedral,448468,69,demo2:139904 keep5:82944 tower:76416 keep1:64512 demo1:53200 village3:24704 keep3:6788,3,93,3,door:98 breakable:1.5,1x1.3,0.88x0.99,61,0,109,rtex121:1536,rtex102:2048 rtex011:944 rtex121:700 rtex073:536,,ok,1,demo2,-312 492 50 0 -90,-312 702 50 0 -90,
rtex367~36b1,rtex367,world,64x176,data1,thysis,714340,186,egypt2:295509 egypt3:270981 egypt7:70208 egypt5:47114 egypt4:30528,3,94,3,breakable:68 button:0.07,1,0.7x1,44,0,110,rtex324:432 rtex337:384 rtex361~70aa:340 rtex322:164 rtex028:128,rtex368~1842:4295 rtex028:1472 rtex337:1365 rtex322:1288 rtex362~b302:711 rtex361~70aa:176,,ok,1,egypt2,-2185 -1029 0 0 180,-2114 -1029 0 0 180,
rtex368~1842,rtex368,world,64x176,data1,thysis,1302073,387,egypt5:665880 egypt2:258875 egypt1:173952 egypt3:124407 egypt4:55669 egypt6:23290,13,75,12,breakable:15 door:10 mover:6.6,1,1.1x0.69,36,0,75,rtex337:5641 rtex028:2063 rtex323:978 rtex384~4b5a:968 rtex385:576 rtex356~0c6b:504,rtex337:10177 rtex367~36b1:4295 rtex362~b302:2735 rtex369:2281 rtex370:1913 rtex028:1613,,ok,1,egypt5,-2104 -1115 -454 0 90,-2104 -1311 -454 0 90,
rtex368~b069,rtex368,world,128x128,data1,blackmarsh,58880,5,demo3:58880,0,96,4,door:100,1.6,0.74x0.82,49,0,63,,rtex012:336,,ok,1,demo3,1660 -834 -190 0 -90,1660 -764 -190 0 -90,
rtex369,rtex369,world,192x176,data1,thysis mazaera,2451404,471,egypt5:1167896 egypt2:496784 rider2c:245760 egypt1:197982 egypt4:113967 egypt3:94872 egypt7:74478 egypt6:59665,6,84,10,breakable:26 door:17 button:4,1,0.54x0.86,49,0,98,rtex028:363 rtex356~0c6b:240 rtex337:191 rtex392:144,rtex337:11520 rtex028:10998 rtex384~4b5a:4041 rtex358~7b4d:3132 rtex350:2299 rtex368~1842:2281,,ok,1,egypt5,-1419 2555 -343 0 -180,-1372 2555 -343 0 -180,
rtex370,rtex370,world,112x112,data1,thysis deathmatch,1313874,116,egypt5:912414 egypt4:320772 egypt1:47920 ravdm4:32768,1,85,13,door:19 button:2.4,1,1.1x1.5,83,0,174,rtex028:1120 rtex356~0c6b:353 rtex337:296 sky000~1af1:256,rtex337:2318 rtex368~1842:1913 rtex378:1600 rtex384~4b5a:1534 rtex358~7b4d:1176 rtex362~b302:1043,,ok,1,egypt5,-2047 -1393 -327 -25 180,-1749 -1393 -466 -25 180,
rtex376,rtex376,world,32x32,portals,keep,23232,8,keep2:23232,0,0,100,,1,3x1.8,29,0,80,,rtex476~c695:880 rtex450:368 rtex162:208 rtex008:160 rtex001:144 rtex477:64,,ok,1,keep2,3620 1030 23 -55 0,3713 1084 -32 -55 -135,
rtex377,rtex377,world,64x128,data1,deathmatch thysis mazaera,6372920,456,ravdm4:3505421 egypt3:1276344 rider2c:1073152 egypt4:438356 egypt5:67520 egypt2:12128,1,91,8,breakable:4 door:0.38,1,3.5x1,120,45,187,rtex364:1024 rtex322:336 rtex337:210 rtex384~4b5a:176 rtex378:4,rtex382~d2b1:25847 rtex378:24120 rtex337:19755 rtex321:5794 #lowlight~a060:2784 rtex358~7b4d:1559,,ok,1,ravdm4,605 893 154 -28 -135,533 999 123 -28 -105,
rtex378,rtex378,world,160x128,data1,deathmatch thysis,4850177,224,ravdm4:2824070 egypt1:854360 egypt3:632585 egypt4:451982 egypt5:66466 egypt2:20715,0,99,0,breakable:0.48,1,1.4x1,93,39,139,rtex361~70aa:2590 rtex337:1345 rtex385:356 rtex029:197 rtex383~20b5:136 rtex125:80,rtex337:34008 rtex377:24120 #lowlight~a060:8040 sky000~1af1:4495 rtex028:2897 rtex384~4b5a:1600,,ok,1,ravdm4,-198 2876 142 0 135,-88 2765 142 0 135,
rtex379~0c65,rtex379,world,32x32,data1,blackmarsh,4608,1,demo2:4608,100,0,0,,1.5,4x0.5,113,113,113,rtex388~6280:240 rtex429~0a31:153 rtex430~6995:39,,,ok,1,demo2,1194 -732 60 55 0,1078 -732 225 55 0,
rtex379~bc2d,rtex379,world,128x64,data1,thysis mazaera,974652,169,egypt3:499225 rider2c:475427,58,42,0,breakable:1.5,1,1.8x0.91,57,0,102,rtex414~03b9:1408 rtex337:256,rtex337:16876 rtex381:6793 rtex028:2598 rtex382~d2b1:1871 rtex362~b302:1492 rtex282:687,,ok,1,egypt3,-1841 -203 324 0 -135,-1804 -165 323 0 -135,
rtex380~1080,rtex380,world,128x128,data1,thysis,120727,26,egypt3:120727,0,100,0,,1.4,0.91x0.78,48,0,108,rtex381:56,rtex337:3415 sky000~1af1:260 rtex384~4b5a:120 rtex381:104 rtex282:65 rtex378:8,,ok,1,egypt3,-1140 -1467 -1 0 -180,-1061 -1467 -1 0 -180,
rtex380~9435,rtex380,world,64x64,data1,blackmarsh,39680,20,village3:32256 demo2:7424,100,0,0,,1,0.63x0.88,84,49,126,rtex052:1296 rtex384~f1a1:888 rtex005:416 rtex383~802b:144 rtex058:56 rtex028:32,rtex022:256 rtex006:112 rtex164:104 rtex011:96 rtex058:96 rtex053:16,,ok,1,village3,367 261 341 55 1,326 261 400 55 0,
rtex381,rtex381,world,64x64,data1,mazaera thysis,1310875,262,rider2c:818121 egypt3:380736 egypt4:55644 egypt1:30126 egypt6:26248,26,72,2,breakable:8,1,2.5x0.88,50,0,117,rtex008:1376 rtex389~76fe:1370 rtex124:1368 rtex337:870 rtex384~4b5a:422 rtex323:112,rtex337:16304 rtex379~bc2d:6793 rtex382~d2b1:2289 rtex414~03b9:2176 rtex028:1468 rtex321:1024,,ok,1,rider2c,2125 704 315 55 0,2094 704 359 55 0,
rtex382~061a,rtex382,world,64x64,data1,blackmarsh,2688,2,village3:2688,100,0,0,,1,0.62x0.75,114,114,115,rtex052:184 rtex380~9435:24,,,ok,1,village3,219 212 341 55 0,178 212 400 55 0,
rtex382~d2b1,rtex382,world,64x64,data1,deathmatch thysis mazaera,4174184,361,ravdm4:3112936 rider2c:465948 egypt3:311971 egypt1:283330,2,96,3,breakable:1.3,1,3.5x2,203,45,255,sky000~1af1:23471 rtex337:1212 rtex385:672 rtex028:347 rtex384~4b5a:152,rtex377:25847 rtex337:10296 sky000~1af1:3569 rtex385:2297 rtex381:2289 rtex282:2241,,ok,1,ravdm4,-141 2925 398 0 135,-143 2750 398 0 105,
rtex383~20b5,rtex383,world,208x128,data1,thysis,1950809,159,egypt1:1006949 egypt3:795768 egypt4:148092,0,57,43,,1.2,0.73x1,58,3,109,sky000~1af1:489 rtex322:288 rtex337:248 rtex324:216 rtex029:188 rtex384~4b5a:144,rtex337:11470 rtex384~4b5a:3891 sky000~1af1:1866 rtex282:1749 rtex362~b302:1650 rtex323:1544,,ok,1,egypt1,1368 3249 55 0 -135,1411 3293 55 0 -135,
rtex383~802b,rtex383,world,64x64,data1,blackmarsh,15552,7,village3:15552,100,0,0,,1,0.62x0.88,66,41,82,rtex384~f1a1:480 rtex380~9435:144 rtex028:112 rtex052:56,rtex022:120 rtex164:112 rtex041:32,,ok,1,village3,-1551 372 198 56 0,-1535 303 272 55 90,
rtex384~4b5a,rtex384,world,64x128,data1,thysis mazaera,3830158,1478,egypt4:1569605 egypt1:706375 egypt6:345550 egypt3:302877 egypt5:283499 egypt2:257518 rider2c:212993 egypt7:151741,20,63,17,breakable:17 plaque:1.4 door:0.88 button:0.62,1,1.3x0.62,64,0,143,rtex337:7167 rtex358~7b4d:1980 rtex368~1842:968 rtex354~d1c4:480 rtex029:432 rtex322:422,rtex337:30555 rtex322:9430 rtex356~0c6b:8307 rtex362~b302:7894 #rtex386:6289 rtex345:5418,,ok,1,egypt4,843 1152 283 -55 45,827 1136 252 -55 45,
rtex384~f1a1,rtex384,world,64x64,data1,blackmarsh,97216,17,village3:73408 demo2:23808,100,0,0,,1,2.5x0.88,81,22,103,rtex052:1600 rtex380~9435:888 rtex383~802b:480 rtex005:456 rtex028:392,rtex022:504 rtex164:192 rtex006:192 rtex011:192 rtex058:192 rtex020:80,,ok,1,village3,-868 536 302 55 0,-1003 536 495 55 0,
rtex385,rtex385,world,64x128,data1,deathmatch thysis,3523033,825,ravdm4:1857038 egypt4:563030 egypt7:520832 egypt6:256934 egypt5:140279 egypt1:126537 egypt3:49424 egypt2:8960,24,62,14,breakable:3.9 door:2.2 plaque:1.6 mover:1.6 button:0.34,1,2x1.1,78,0,204,rtex337:8208 rtex322:2344 rtex382~d2b1:672 rtex368~1842:576 rtex362~b302:572 rtex340~6ce4:552,rtex337:27392 rtex390~5c9c:4939 #rtex396:3104 rtex028:2949 rtex322:2833 rtex382~d2b1:2297,,ok,1,ravdm4,1283 2920 280 0 0,1189 2920 280 0 0,
rtex386,rtex386,world,64x64,data1,blackmarsh cathedral,344234,15,village4:339439 tower:4795,51,0,49,static:99,1,3.3x2.9,34,0,117,,rtex237:267 marbleseam:80 rtex003:43,,ok,1,village4,3935 2371 -234 55 0,3907 2371 -195 55 0,
rtex387~57ce,rtex387,world,64x64,,,0,0,,,,,,,,,,,,,,unused,,,,,only on breakable_brush
rtex387~c05a,rtex387,world,128x128,data1,thysis deathmatch,53248,2,egypt4:36864 ravdm4:16384,100,0,0,,1.5,1,110,79,181,rtex126:768 rtex337:512,,,ok,1,egypt4,-80 -426 -20 55 0,-196 -426 145 55 0,
rtex388~6280,rtex388,world,64x64,data1 portals,blackmarsh other cathedral,14123473,1132,demo2:3820238 demo3:2511005 thomas:2429618 eidolon:1841664 demo1:1571110 village2:946368 village3:465969 village4:289089 tower:139776 cath:108636,96,1,4,breakable:5.8,1,3x3.5,83,22,144,rtex430~6995:8632 rtex389~cdf4:6266 rtex053:2584 rtex411~1d34:2479 rtex030:1424 rtex052:376,rtex413~5d51:46983 rtex022:16242 rtex053:10864 rtex073:5120 trimtex:4604 rtex427~24c7:4512,,ok,1,demo2,2563 -679 88 55 0,2418 -679 294 55 0,
rtex388~6dcd,rtex388,world,64x64,data1,thysis,275576,22,egypt6:275576,47,6,47,breakable:100,1,2.2x2,31,0,92,,,,ok,1,egypt6,-1290 2542 -574 55 90,-1290 2488 -496 55 90,
rtex389~76fe,rtex389,world,64x64,data1,thysis,324042,41,egypt4:324042,100,0,0,,1,3.5x1.8,47,0,70,rtex381:1370 rtex390~5c9c:122,rtex337:1685 rtex028:1264 rtex322:986 rtex356~0c6b:858 rtex384~4b5a:540 rtex339~2f3c:16,,ok,1,egypt4,1269 489 238 55 0,1276 407 277 55 45,
rtex389~cdf4,rtex389,world,64x64,data1,blackmarsh,216334,88,demo3:78972 village3:64048 village4:51052 demo1:16613 demo2:4475 village2:1175,100,0,0,,1,0.5x2.3,103,26,149,rtex388~6280:6266 rtex148:4968 rtex028:498 rtex390~cfbf:136 rtex411~1d34:105 rtex041:64,rtex148:1177 rtex388~6280:516 rtex413~5d51:499 rtex208:370 rtex009:209 rtex022:142,,ok,1,demo3,2226 985 -133 55 0,2120 985 18 55 0,
rtex390~5c9c,rtex390,world,64x64,data1,thysis,3182887,349,egypt4:1967149 egypt6:1215737,99,1,0,,1,2.7x2.4,52,14,86,rtex028:1228 rtex337:541 rtex389~76fe:122,rtex337:25477 rtex385:4939 rtex028:2867 rtex384~4b5a:2166 rtex322:1981 rtex358~7b4d:1456,,ok,1,egypt4,204 1109 158 55 0,167 981 287 55 45,
rtex390~cfbf,rtex390,world,64x64,data1,blackmarsh,4736,3,village4:2816 village3:1920,100,0,0,,1,0.75x0.5,142,122,170,rtex388~6280:208 rtex389~cdf4:136 rtex148:56,rtex148:16,,ok,1,village4,3040 3141 -85 55 0,3019 3092 -26 55 45,
rtex391~539d,rtex391,world,48x80,data1,blackmarsh,5216,5,village2:5216,39,61,0,,0.7,0.83x0.29,44,0,104,,rtex028:200,,ok,1,village2,468 1916 14 0 -150,509 1940 14 0 -150,
rtex391~f621,rtex391,world,64x64,data1,thysis,698207,66,egypt5:501271 egypt6:196937,3,95,3,static:100,1,0.77x3.5,85,23,181,,,,ok,1,egypt5,-1260 2633 -370 0 -90,-1260 2727 -370 0 -90,
rtex392,rtex392,world,192x176,data1,thysis,246857,77,egypt5:207713 egypt1:39144,2,96,2,breakable:16,1.1,0.54x0.48,65,28,95,rtex385:144 rtex369:144 rtex384~4b5a:64 rtex337:18,rtex337:1902 rtex414~03b9:1290 rtex102:1036 rtex384~4b5a:804 rtex126:646 rtex028:344,,ok,1,egypt5,-547 -894 -339 -20 -90,-547 -797 -374 -20 -90,
rtex393,rtex393,world,128x128,data1,thysis,114289,25,egypt1:83712 egypt2:30577,5,89,5,door:100,1,0.5x0.94,56,0,96,,rtex028:859 rtex369:547 rtex384~4b5a:480,,ok,1,egypt1,1596 632 418 0 180,1722 632 418 0 180,
rtex394~3c35,rtex394,world,128x128,data1,thysis,322656,32,egypt1:135552 egypt5:120672 egypt4:66432,4,91,4,door:100,1.6x1.2,0.86x1.1,43,0,133,rtex028:736,rtex384~4b5a:704,,ok,1,egypt1,-30 108 258 0 0,-290 108 258 0 0,
rtex394~8b43,rtex394,world,64x64,data1 portals,keep blackmarsh cathedral,94208,23,demo1:16384 keep3:16384 castle4:12288 castle5:12288 keep4:12288 demo2:8192 keep2:8192 demo3:4096 keep5:4096,0,100,0,plaque:100,1,1,48,0,109,,rtex099:2560 rtex028:1280 marble:768 rtex103:512 rtex415~c6aa:512 rtex095:256,,ok,1,demo1,-408 2040 -2 0 90,-408 1968 -2 0 90,
rtex395~9104,rtex395,world,48x48,data1 portals,keep blackmarsh cathedral,1322282,260,keep5:475127 village4:197120 demo1:158080 keep1:141715 village2:132096 cath:93696 demo2:53504 keep4:49152 keep3:21792,13,85,2,door:17 breakable:15 mover:2.7,1,3x1.3,73,14,136,rtex006:5722 rtex490:2875 rtex335:2875 thronetex1:1920 rtex488:1844 rtex336:1812,rtex457~7081:7961 rtex415~c6aa:4648 rtex121:2112 rtex173:1915 rtex102:1721 rtex030:1200,,ok,1,keep5,941 1576 70 0 180,1176 1576 70 0 180,
rtex395~f0a5,rtex395,world,128x64,data1,thysis,228480,15,egypt5:182656 egypt6:38400 egypt2:4096 egypt3:3328,0,100,0,breakable:69 plaque:11 button:1.8,1.1x1,1.3x3.2,70,0,103,rtex322:240 rtex384~4b5a:208 rtex321:160,rtex385:1472 rtex028:680 rtex362~b302:208 rtex358~7b4d:160 rtex337:120 rtex322:120,,ok,1,egypt5,-690 -1019 -298 0 90,-526 -1027 -298 0 150,
rtex399,rtex399,world,64x128,data1,thysis,31872,11,egypt1:17536 egypt4:14336,3,95,3,,1,1x0.44,64,46,100,rtex384~4b5a:256 rtex412~ca21:144 rtex337:120,rtex390~5c9c:256 rtex337:128 rtex400:120,,ok,1,egypt1,364 2723 -671 0 0,238 2723 -671 0 0,
rtex400,rtex400,world,64x128,data1,thysis,99488,9,egypt1:99488,100,0,0,,1,2.2x1.2,82,74,105,,rtex411~0941:830 rtex381:256 rtex337:250 rtex382~d2b1:136 rtex399:120 rtex412~ca21:40,,ok,1,egypt1,209 2755 -674 55 0,142 2755 -577 55 0,
rtex401,rtex401,world,64x64,data1,deathmatch,228544,39,ravdm1:228544,0,92,8,,1,1.1x1.5,123,104,147,rtex428:1080,rtex433~0e36:1416 rtex428:224,,ok,1,ravdm1,-690 1888 -351 0 -90,-799 1909 -351 0 -60,
rtex403,rtex403,world,64x64,data1,septimus,38836,12,romeric1:38836,0,100,0,,1,3x0.5,78,66,112,,rtex409:1214 rtex404~ab63:927 rtex439~2bcd:286,,ok,1,romeric1,661 990 -39 0 -90,838 998 -39 0 -150,
rtex404~196d,rtex404,world,64x64,data1,thysis,6144,1,egypt1:6144,100,0,0,,1,1.5x1,142,142,142,,rtex384~4b5a:320,,ok,1,egypt1,305 2944 -691 55 0,248 2944 -608 55 0,wide: instance 4 models/corps2.mdl triangle 93: corps2.mdl_0
rtex404~ab63,rtex404,world,64x64,data1,septimus deathmatch,952799,66,romeric1:672580 ravdm1:150673 romeric2:129546,0,5,95,,1,3.5x3,62,23,100,,rtex439~2bcd:3663 rtex405:2303 rtex427~cc5e:1536 rtex403:927 rtex102:804 rtex432~9e36:768,,ok,1,romeric1,-512 6 78 -55 0,-422 -137 0 -55 90,
rtex405,rtex405,world,64x64,data1,septimus,185019,20,romeric2:155648 romeric1:29371,0,0,100,,1,2.2x1,101,40,150,,rtex404~ab63:2303 rtex256:2176 rtex258:512 rtex460~e88f:384 rtex255:384 rtex444~b162:192,,ok,1,romeric2,11 919 32 -55 90,11 896 -1 -55 90,
rtex406,rtex406,world,64x128,data1,septimus,3255061,544,romeric4:2954958 romeric1:142304 romeric7:65536 romeric5:56576 romeric3:35687,10,88,2,,1,2.2x1,55,12,92,rtex008:3072 rtex408:1536 rtex309:1168 rtex439~2bcd:544 rtex427~cc5e:320 rtex306:256,rtex439~2bcd:14511 rtex306:8838 rtex124:8480 rtex028:5010 rtex436:3712 #rtex078:3283,,ok,1,romeric4,-672 739 49 0 90,-672 504 49 0 90,
rtex407,rtex407,world,128x128,data1,septimus,16384,1,romeric4:16384,100,0,0,,1,1,107,107,107,rtex406:192,rtex008:320,,ok,1,romeric4,635 1600 -120 40 0,532 1600 -34 40 0,
rtex408,rtex408,world,256x128,data1,septimus,131072,8,romeric4:131072,0,100,0,,1,0.88x1,53,36,63,rtex406:1536,rtex028:1024 rtex255:512,,ok,1,romeric4,445 1563 -82 0 -180,680 1563 -82 0 -180,
rtex409,rtex409,world,64x64,data1,septimus,455509,71,romeric2:270336 romeric1:185173,0,0,100,,1,1.9x3,85,49,133,,rtex422~cba5:3440 rtex439~2bcd:1692 rtex310:1456 rtex403:1214 rtex258:896 rtex309:720,,ok,1,romeric2,-841 13 -143 -55 0,-787 -143 -197 -40 90,
rtex410~c29b,rtex410,world,128x128,data1,cathedral,91648,2,tower:91648,100,0,0,,2,0.81x1,48,43,52,rtex411~1d34:480 rtex388~6280:304,rtex335:536 rtex005:192 rtex004:192,,ok,1,tower,-62 -1346 145 55 0,-92 -1346 189 55 0,
rtex410~d020,rtex410,world,64x64,data1,septimus,1941504,20,romeric6:1941504,0,100,0,,2.5,3.5x1.2,70,68,74,,rtex456~b509:20160 rtex449:64,,ok,1,romeric6,1003 -36 430 0 -90,1003 294 430 0 -90,
rtex411~0941,rtex411,world,192x176,data1,thysis,262250,29,egypt1:262250,0,99,0,door:9.5,1,1.2x1.3,72,0,109,rtex028:206 rtex412~ca21:128 rtex337:96,rtex337:1788 rtex324:1485 rtex400:830 rtex028:162,,ok,1,egypt1,291 2915 -660 0 0,244 2915 -660 0 0,
rtex411~1d34,rtex411,world,128x128,data1,blackmarsh cathedral,230297,25,demo1:153497 tower:76800,100,0,0,,1.2x1,0.8x1.7,118,64,168,rtex388~6280:2479 rtex410~c29b:480 rtex389~cdf4:105 rtex148:32,rtex388~6280:441 rtex415~c6aa:120 rtex335:80 rtex413~5d51:12,,ok,1,demo1,-1827 1426 120 55 0,-1988 1426 349 55 0,
rtex412~a4a6,rtex412,world,64x16,data1,septimus,4096,4,romeric3:3072 romeric1:1024,0,100,0,,1,1,85,64,103,,rtex306:384 rtex406:160 rtex439~2bcd:96,,ok,1,romeric3,1260 -864 -350 -24 180,1325 -864 -381 -25 180,
rtex412~ca21,rtex412,world,64x128,data1,thysis,6016,7,egypt1:6016,3,94,3,,1,0.38x0.5,80,43,121,rtex399:144 rtex411~0941:128 rtex337:40,rtex400:40,,ok,1,egypt1,400 2813 -671 0 0,328 2813 -671 0 0,
rtex412~f621,rtex412,world,64x64,data1 portals,blackmarsh keep cathedral,4131634,429,keep5:868247 demo3:629326 cath:499968 village2:343628 village1:336700 keep1:321651 keep3:262422 village5:191946 demo1:190198 tower:169797 keep2:108200 demo2:107460 village4:102091,11,79,11,static:90 breakable:9.9,1,1x2.8,36,0,89,,rtex072:32,,ok,1,keep5,-1161 -184 -42 0 180,-1161 -184 -42 0 180,
rtex413~31f0,rtex413,world,64x128,data1,thysis,52096,8,egypt2:34816 egypt1:9600 egypt4:7680,6,88,6,breakable:100,1.3x1,1.2x0.88,27,0,59,,rtex337:752,,ok,1,egypt2,-2814 -112 22 0 0,-2932 -112 22 0 0,
rtex413~5d51,rtex413,world,128x128,data1 portals,blackmarsh keep,27138355,2070,demo3:10238903 demo2:9936598 demo1:5610652 keep2:749204 keep3:541239 keep4:48801 keep5:12958,11,75,14,mover:0.18 breakable:0.01,2,1.2x1.4,67,0,136,sky001~6566:2338 rtex066:1662 rtex148:618 rtex028:288 rtex388~6280:283 rtex043~79b8:240,sky001~6566:55032 rtex388~6280:46983 #lowlight~a060:22068 rtex148:12373 rtex066:9065 rtex022:7911,,ok,1,demo3,1742 -692 85 0 -90,1566 -519 85 0 -60,
rtex413~a1f6,rtex413,world,64x64,data1,septimus,59193,46,romeric5:38713 romeric1:12800 romeric3:7680,9,86,5,,1,1,57,0,89,rtex414~e4ec:800 rtex439~2bcd:64,rtex439~2bcd:1310 rtex028:894 rtex256:542 rtex422~cba5:448 rtex414~e4ec:128,,ok,1,romeric5,75 1122 -333 0 90,75 920 -333 0 90,
rtex414~03b9,rtex414,world,128x128,data1,mazaera thysis deathmatch,217698,20,rider2c:114688 egypt6:51745 ravdm4:32768 egypt1:18497,61,39,0,door:16 breakable:8.5,1,1,122,17,172,rtex379~bc2d:1408 sky000~1af1:256,rtex381:2176 rtex392:1290 rtex382~d2b1:512 rtex322:468 rtex384~4b5a:272 rtex282:256,,ok,1,rider2c,2374 2637 343 55 0,2359 2637 365 55 0,
rtex414~80aa,rtex414,world,64x176,data1,blackmarsh cathedral,181135,24,demo2:145080 tower:36055,17,71,12,breakable:67,1,2.3x0.91,93,0,128,rtex022:173,rtex022:938 rtex388~6280:432 rtex358~b464:208 rtex413~5d51:3,,ok,1,demo2,-434 -1349 218 0 30,-434 -1349 218 0 30,
rtex414~e4ec,rtex414,world,64x64,data1,septimus,62464,20,romeric5:36864 romeric1:17408 romeric3:8192,0,100,0,,1,1,101,75,122,rtex256:1344 rtex413~a1f6:800 rtex439~2bcd:128,rtex439~2bcd:128 rtex413~a1f6:128,,ok,1,romeric5,-1552 -416 110 0 180,-1480 -416 110 0 180,
rtex415~4669,rtex415,world,64x64,data1,thysis,3072,4,egypt6:3072,0,88,12,button:100,0.8,0.94,0,0,0,,rtex384~4b5a:152,,none,1,,,,
rtex415~9f0c,rtex415,world,64x64,data1,septimus,7168,2,romeric7:7168,0,100,0,,1,1x0.88,110,110,110,,rtex008:480,,ok,1,romeric7,-504 2304 -182 0 0,-576 2304 -182 0 0,
rtex415~c6aa,rtex415,world,32x32,data1 portals,blackmarsh keep other,2034608,1039,village2:555612 keep3:369359 village4:278442 keep4:257227 demo3:231754 village1:192952 demo1:73208 village5:23552 thomas:22225 rider1a:16384 keep5:13893,27,53,20,breakable:2.1 static:0.53 door:0.48 plaque:0.08,1,2.5x2,76,2,152,rtex030:3416 rosearch:1563 rtex041:1248 celt2:912 rtex336:874 rtex010:874,rosearch:19753 celt2:8257 #rtex345:5342 rtex395~9104:4648 rtex053:4420 rtex039~df99:4368,,ok,1,village2,3093 -1952 622 0 180,3328 -1952 622 0 180,
rtex416~603d,rtex416,world,128x128,data1,blackmarsh,73024,4,demo1:73024,100,0,0,,1,1.4x1.2,61,44,70,rtex005:376 rtex121:144 rtex421~fef7:72,rtex020:648 rtex225:432 rtex223:344,,ok,1,demo1,1297 -844 -173 55 0,1303 -909 -143 55 45,
rtex416~8ba5,rtex416,world,128x128,data1,thysis,52516,8,egypt1:52516,6,88,6,door:80,1,1x0.92,34,0,88,,rtex384~4b5a:250 rtex337:168,,ok,1,egypt1,1544 3414 -29 0 90,1544 3280 -29 0 90,
rtex416~f60c,rtex416,world,64x64,data1,septimus deathmatch,5434434,632,romeric4:3246109 ravdm1:2188325,40,60,0,door:0.5,1,3x2,75,20,146,rtex427~cc5e:1648 rtex428:1536 rtex432~9e36:512 rtex096:224 rtex103:112 rtex436:32,rtex427~cc5e:26720 #rtex078:19456 rtex422~cba5:19063 rtex439~2bcd:18624 rtex432~9e36:13244 rtex421~15b9:6496,,ok,1,romeric4,-998 -227 -296 0 -90,-998 -133 -296 0 -90,
rtex417~4086,rtex417,world,64x128,data1 portals,blackmarsh keep cathedral,96608,21,village4:49024 keep1:19072 village2:17952 tower:6208 keep3:4352,5,90,5,breakable:80,2x1.2,1x0.99,91,0,176,rtex028:128,rtex113:992 rtex103:464 rtex419~c9a9:312 rtex420~c65d:272,,ok,1,village4,2194 -40 218 0 180,2354 -40 218 0 180,
rtex417~53c4,rtex417,world,64x128,data1,septimus,52565,7,romeric1:52565,0,100,0,,1,1,78,0,124,,rtex439~2bcd:1792 rtex406:668,,ok,1,romeric1,1024 1006 -115 0 90,1024 872 -115 0 90,
rtex418~19a3,rtex418,world,64x32,data1,deathmatch septimus,485020,161,ravdm1:245760 romeric4:210944 romeric5:28316,0,100,0,,1,1x1.2,73,32,131,rtex255:512 rtex306:32,rtex306:6912 rtex028:6464 rtex433~0e36:6144 rtex253:4096 rtex439~2bcd:2432 rtex466:1664,,ok,1,ravdm1,1211 1872 302 0 -90,1211 1944 302 0 -90,
rtex418~1d4d,rtex418,world,64x64,portals,keep,6400,14,keep3:6400,0,94,6,breakable:100,0.7x0.5,1.1x1,57,19,111,,rtex113:208 rtex419~c9a9:16,,ok,1,keep3,-32 -56 -138 0 180,40 -56 -138 0 180,
rtex418~3ec2,rtex418,world,128x96,data1,thysis,551227,110,egypt5:230651 egypt2:198256 egypt1:122320,0,100,0,breakable:36 door:8.2,1x0.75,0.63x1,59,0,108,rtex385:320,rtex337:5198 rtex384~4b5a:2771 rtex322:2177 rtex369:1474 rtex028:1132 rtex125:966,,ok,1,egypt5,-1020 -748 -370 0 -90,-862 -701 -370 0 -150,
rtex419~43b8,rtex419,world,128x64,data1,thysis,321667,83,egypt1:83200 egypt4:66755 egypt3:54016 egypt5:50432 egypt2:46464 egypt7:15872 egypt6:4928,4,90,6,plaque:91,1,1,46,0,89,,rtex384~4b5a:3116 rtex385:1920 rtex358~7b4d:650 rtex323:384 rtex344:384 rtex324:384,,ok,1,egypt1,310 224 230 0 0,257 224 230 0 0,
rtex419~7b9a,rtex419,world,64x32,data1,septimus,49525,44,romeric1:49525,13,87,0,,1,3.5x0.25,46,0,115,rtex441~3aaf:16,rtex451~f14d:3712 rtex449:1920 rtex406:1920 rtex080~6280:1792 rtex441~3aaf:752 rtex028:512,,ok,1,romeric1,1046 533 -71 25 -90,1263 573 -111 0 -150,
rtex419~c9a9,rtex419,world,64x64,data1 portals,keep blackmarsh,107540,35,keep3:59348 village2:20672 keep1:12672 village4:10240 keep4:4608,83,8,9,breakable:84,1,1.1x0.62,79,42,145,trimtex:128 rtex420~c65d:16,rtex043~79b8:1584 rtex113:712 rtex040:408 rtex417~4086:312 rtex041:256 rtex103:240,,ok,1,keep3,-466 -432 -45 55 0,-412 -576 84 55 90,
rtex420~803b,rtex420,world,64x128,data1,thysis,33072,3,egypt5:33072,0,100,0,mover:100,1.4x1.3,1.3x0.66,45,40,49,,rtex337:1252,,ok,1,egypt5,-1194 1220 -346 0 0,-1276 1220 -346 0 0,
rtex420~c65d,rtex420,world,64x16,data1 portals,keep blackmarsh,104884,46,keep5:50612 demo2:48256 keep1:4992 keep3:1024,2,96,1,door:64 breakable:19,1,2.5x1,35,0,72,rtex053:187 rtex122:128 trimtex:48 rtex433~db92:18 rtex419~c9a9:16,rtex042:4864 rtex074:1351 rtex001:992 rtex028:604 rtex103:419 rtex417~4086:272,,ok,1,keep5,2080 733 -134 0 -90,2080 968 -134 0 -90,
rtex421~15b9,rtex421,world,64x64,data1,septimus deathmatch,6155500,471,romeric3:4578013 romeric4:965632 romeric6:278528 romeric2:235023 ravdm1:98304,0,6,94,,1,3x2,66,17,115,#rtex078:1184 rtex103:768 rtex427~cc5e:576 rtex422~cba5:272 rtex028:256 rtex435~ebbe:128,rtex422~cba5:40959 rtex427~cc5e:11492 rtex416~f60c:6496 rtex103:5078 rtex033:3423 rtex124:2811,,ok,1,romeric3,1152 2016 142 -55 0,1125 2016 103 -55 0,
rtex421~a036,rtex421,world,96x128,data1,thysis,12288,1,egypt7:12288,0,100,0,,1,1,100,100,100,,rtex384~4b5a:448,,ok,1,egypt7,-834 -1088 -10 0 180,-733 -1178 -10 0 150,
rtex421~fef7,rtex421,world,128x128,data1,blackmarsh,18624,2,village2:9984 demo1:8640,100,0,0,,1,0.75x0.81,95,46,137,rtex005:472 rtex121:120 rtex416~603d:72,rtex225:120,,ok,1,village2,-2 -132 10 55 0,-64 -132 99 55 0,
rtex422~8b40,rtex422,world,64x128,data1,blackmarsh,51968,8,village2:42752 village1:9216,91,9,0,,1.3x1,1.2x0.75,144,52,212,rtex415~c6aa:104 rtex030:96,rtex030:1448 rtex053:256 rtex022:96 rtex415~c6aa:8,,ok,1,village2,168 277 -460 40 -90,168 345 -403 40 -90,
rtex422~8d37,rtex422,world,128x128,data1,thysis,16320,1,egypt5:16320,0,100,0,door:100,1.1x0.95,0.97x0.99,27,27,27,,rtex370:512,,ok,1,egypt5,-124 2663 -694 0 90,-124 2482 -694 0 90,wide: instance 21 models/a_summon.mdl triangle 14: a_summon.mdl_0
rtex422~cba5,rtex422,world,64x64,data1,septimus deathmatch,40504218,4762,romeric3:11184723 ravdm1:8610059 romeric2:6496556 romeric5:5142999 romeric1:2921428 romeric7:2544852 romeric6:2160530 romeric4:1443071,1,94,5,door:0.64 mover:0.18 breakable:0.15,1,3x2,54,0,103,rtex427~cc5e:3016 rtex435~ebbe:2464 rtex436:1792 rtex255:1488 rtex430~2da5:1280 rtex256:1264,rtex306:104571 rtex439~2bcd:96087 rtex028:56522 rtex421~15b9:40959 rtex430~2da5:38048 rtex255:35859,,ok,1,romeric3,600 1187 -165 0 0,348 1187 -165 0 0,
rtex423~10cf,rtex423,world,64x64,data1,septimus,4313577,147,romeric6:4223465 romeric3:90112,100,0,0,,1,3.5,67,56,70,,rtex422~cba5:11032 rtex429~ec56:2624 rtex257:512 rtex457~daa8:88 rtex421~15b9:64 rtex255:52,,ok,1,romeric6,2693 271 84 55 0,2552 271 286 55 0,
rtex423~994d,rtex423,world,64x64,data1,thysis,10416,6,egypt1:10416,7,87,7,plaque:100,1,0.97,28,0,75,,,,ok,1,egypt1,358 9 231 0 0,286 9 231 0 0,
rtex424~0d82,rtex424,world,192x96,data1,septimus,27648,3,romeric2:16725 romeric5:10923,0,100,0,,1,1.2,56,34,72,,rtex028:638 rtex124:334 rtex449:224,,ok,1,romeric2,181 992 226 0 -180,416 992 226 0 -180,
rtex424~d49c,rtex424,world,240x48,data1,blackmarsh,139386,17,demo3:139386,1,97,2,mover:100,1x1.5,0.93x1.1,89,14,138,,rtex113:2523,,ok,2,demo3,3955 152 297 0 120,4034 16 297 0 120,wide: *44 opaque: rtex121
rtex425~23c6,rtex425,world,112x32,data1,septimus,82237,59,romeric1:82237,20,80,0,,1,1.1x1,91,57,120,rtex439~2bcd:64,rtex439~2bcd:2124 rtex441~3aaf:2009 rtex255:242 rtex309:160 rtex028:98,,ok,1,romeric1,525 923 -229 0 90,525 876 -229 0 90,
rtex425~df8d,rtex425,world,64x128,data1,blackmarsh,836014,95,demo3:836014,2,96,2,breakable:23,2x1.5,1.2x0.88,59,10,114,rtex020:1653 rosearch:1016,#lowlight~a060:2626 rtex053:2032 rtex413~5d51:1613 rtex388~6280:1477 rtex020:795 rtex148:624,,ok,1,demo3,-428 -348 -244 0 -90,-428 -282 -244 0 -90,
rtex426~6123,rtex426,world,48x80,data1,blackmarsh,302292,35,demo3:127611 demo1:88970 village5:81487 village4:4224,0,100,0,breakable:1.4,1,4x1.1,117,43,231,rtex053:1940 rtex415~c6aa:48 rtex021:22,sky001~6566:3104 rtex415~c6aa:2804 rtex040:974 rtex053:900 rtex022:776 rtex429~0a31:264,,ok,1,demo3,-181 -284 334 0 -90,-181 22 334 0 -90,
rtex426~ef4f,rtex426,world,64x32,data1,septimus,191675,101,romeric1:124748 romeric3:58735 romeric2:8192,0,100,0,,1,2.4x1,100,14,168,rtex439~2bcd:64 rtex436:64 rtex028:64,rtex028:3642 rtex306:3546 rtex449:2976 rtex439~2bcd:605 rtex422~cba5:262 rtex479~f425:256,,ok,1,romeric1,-548 149 88 -27 180,-337 149 -17 -26 180,
rtex427~24c7,rtex427,world,128x128,data1 portals,deathmatch keep blackmarsh cathedral,1547483,221,ravdm2:614092 keep5:493960 demo3:278922 tower:160508,16,79,5,door:2,1,0.75x1.6,108,20,227,marble:594 rtex335:320 rtex020:285 rtex488:184 rtex388~6280:22,rtex388~6280:4512 sky001~6566:2427 #rtex078:2375 rtex080~41b7:2171 rtex008:1608 rtex335:1489,,ok,1,ravdm2,493 890 -44 0 -180,540 890 -44 0 -180,
rtex427~cc5e,rtex427,world,128x16,data1,septimus deathmatch,2256727,973,ravdm1:807248 romeric3:486904 romeric5:282593 romeric4:280960 romeric7:206596 romeric1:117760 romeric2:74666,0,94,6,door:3.8 breakable:0.05,1,1.5x1,56,0,123,rtex439~2bcd:11625 rtex484:4032 rtex253:3584 rtex422~cba5:3016 rtex441~3aaf:1808 rtex416~f60c:1648,rtex439~2bcd:53530 rtex306:44496 rtex253:34560 rtex416~f60c:26720 rtex441~3aaf:20809 rtex421~15b9:11492,,ok,1,ravdm1,560 2659 286 0 90,560 2424 286 0 90,
rtex428,rtex428,world,128x32,data1,septimus deathmatch,1457749,408,romeric5:589461 romeric3:237568 romeric2:184320 romeric4:184320 ravdm1:180160 romeric1:81920,6,94,0,,1,1.2x1,43,0,75,rtex309:3738 rtex416~f60c:1536 rtex432~9e36:1536 rtex401:1080 rtex422~cba5:928 rtex433~0e36:288,rtex008:31916 rtex306:20584 rtex439~2bcd:15360 rtex422~cba5:4448 rtex256:3136 rtex427~cc5e:2336,,ok,1,romeric5,1155 158 155 0 -90,1332 166 155 0 -150,
rtex429~0a31,rtex429,world,64x64,data1 portals,keep blackmarsh cathedral,5626962,884,keep5:2839576 keep2:1762701 keep4:625516 demo2:166208 demo1:134656 eidolon:98304,20,39,42,breakable:0.56 door:0.51,1,2.4x2,50,0,103,rtex430~6995:3458 rtex500~09dc:1536 rtex028:1440 rtex508~f168:1216 rtex029:768 rtex463:728,rtex003:15511 rtex001:8792 rtex451~c3b6:7984 rtex043~79b8:6136 rtex006:5099 rtex335:4882,,ok,1,keep5,1046 -877 251 -55 0,1222 -759 194 -40 -135,
rtex429~ec56,rtex429,world,64x64,data1,septimus deathmatch,107520,27,romeric3:92160 ravdm1:15360,6,88,6,door:14,1,1.2,62,30,86,rtex422~cba5:608,rtex423~10cf:2624 rtex421~15b9:544 rtex422~cba5:448,,ok,1,romeric3,-152 1072 -247 0 180,-51 1072 -247 0 180,
rtex430~2da5,rtex430,world,64x64,data1,septimus,2418176,566,romeric1:591360 romeric7:591360 romeric2:418048 romeric3:399360 romeric4:209024 romeric5:209024,81,14,5,,1,3x1.2,45,0,73,rtex103:1728 rtex436:1536 rtex422~cba5:1280,rtex436:47584 rtex422~cba5:38048 rtex255:6144 rtex441~3aaf:2688 rtex439~2bcd:2688 rtex449:448,,ok,1,romeric1,-1267 874 -2 55 0,-1294 874 37 55 0,
rtex430~6995,rtex430,world,64x64,data1 portals,other cathedral blackmarsh,644222,85,thomas:307710 eidolon:241664 demo1:51200 demo2:43648,78,3,19,breakable:33,1,1x3.5,77,0,157,rtex388~6280:8632 rtex429~0a31:3458 rtex053:40 rtex379~0c65:39,rtex053:504 rtex456~b5c4:260 rtex429~0a31:256 celt2:256 rtex066:132 rtex388~6280:96,,ok,1,thomas,84 -1667 78 55 0,-51 -1667 271 55 0,
rtex431~38ff,rtex431,world,64x64,data1 portals,blackmarsh cathedral other keep,99328,31,village1:24576 tower:21504 thomas:16384 cath:8192 village2:8192 village5:8192 keep1:4096 village3:4096 village4:4096,1,97,1,plaque:100,1,1,48,0,104,,rtex028:2304 rtex073:1536 rtex362~89e7:512 rtex102:256 rtex121:256,,ok,1,village1,1184 1920 30 0 90,1184 1848 30 0 90,
rtex431~a898,rtex431,world,64x64,data1,septimus,10364,13,romeric2:10364,0,100,0,,1,2x0.12,14,0,34,rtex259:16,rtex080~6280:1296 rtex439~2bcd:1040 rtex256:192 rtex258:64 rtex259:16,,ok,1,romeric2,1088 47 -16 25 90,1088 -34 22 25 90,
rtex432~994d,rtex432,world,64x64,data1 portals,keep cathedral blackmarsh,28780,18,keep2:10240 cath:9636 demo1:8904,5,90,5,plaque:100,1,0.97,66,0,255,,,,ok,1,keep2,-832 1860 226 24 90,-832 1795 257 25 90,
rtex432~9e36,rtex432,world,64x64,data1,septimus deathmatch,1455379,130,romeric4:1224467 ravdm1:157696 romeric2:73216,11,4,86,breakable:0.42,1,2.5,70,23,115,rtex428:1536 rtex416~f60c:512 rtex449:128,rtex416~f60c:13244 rtex427~cc5e:5941 rtex422~cba5:3168 rtex103:1029 rtex031:896 rtex404~ab63:768,,ok,1,romeric4,144 109 -335 -55 0,144 109 -335 -55 0,
rtex433~0e36,rtex433,world,64x64,data1,septimus deathmatch,1743412,278,romeric3:1127412 romeric1:544768 ravdm1:71232,85,0,15,,1,2,72,22,115,rtex028:384 rtex428:288 rtex441~3aaf:128,rtex422~cba5:11613 rtex436:9760 rtex427~cc5e:7373 rtex418~19a3:6144 rtex255:6144 rtex439~2bcd:5888,,ok,1,romeric3,3119 2624 -50 55 0,3065 2624 28 55 0,
rtex433~db92,rtex433,world,64x64,portals,keep,3220418,301,keep5:3112066 keep3:108352,96,0,3,,1,2.4x2.8,47,9,90,rtex004:1424 rtex012:624 rtex122:494 rtex052:168 rtex420~c65d:18,rtex342~6f88:18918 rtex009:7832 rtex006:7513 rtex165:6771 rtex028:3897 rtex053:3463,,ok,1,keep5,564 -306 -349 55 0,618 -606 -174 40 90,
rtex435~729f,rtex435,world,64x64,portals,keep,86420,44,keep4:86420,97,3,0,,1,1x1.2,70,36,125,rtex437~f2cf:328 rtex429~0a31:64 rtex066:1,rtex066:2274 rtex437~f2cf:496 rtex429~0a31:64,,ok,1,keep4,86 481 32 55 46,185 506 89 55 -180,
rtex435~ebbe,rtex435,world,128x32,data1,septimus,551930,168,romeric7:142080 romeric5:130048 romeric1:113569 romeric2:108889 romeric4:36864 romeric3:20480,9,85,6,,1,1,64,4,132,rtex422~cba5:2464 rtex259:2331 rtex008:2170 rtex441~3aaf:1984 rtex306:1216 rtex439~2bcd:1024,rtex439~2bcd:5874 rtex306:4624 #lowlight~a060:2560 rtex406:2560 rtex008:1536 sky000~1272:1408,,ok,1,romeric7,-938 909 -132 0 -180,-762 909 -132 0 -180,
rtex436,rtex436,world,128x16,data1,septimus,1326081,716,romeric1:411809 romeric7:366120 romeric2:223644 romeric3:179712 romeric4:90496 romeric5:54300,1,99,0,door:1.5 breakable:0.62,1,1,42,0,79,rtex439~2bcd:8280 rtex259:4336 rtex422~cba5:1792 rtex430~2da5:1536 rtex256:1162 rtex258:640,rtex430~2da5:47584 rtex441~3aaf:29810 rtex439~2bcd:21819 rtex306:14156 rtex433~0e36:9760 #lowlight~a060:7892,,ok,1,romeric1,355 73 -57 0 0,120 73 -57 0 0,
rtex437~2f52,rtex437,world,64x64,data1,septimus,1995727,257,romeric3:920618 romeric2:671943 romeric1:239115 romeric7:164051,33,26,42,,1,2,55,2,100,rtex427~cc5e:859 rtex435~ebbe:816 rtex439~2bcd:688 rtex028:64,rtex256:12936 rtex422~cba5:12704 rtex439~2bcd:5558 rtex080~6280:5494 rtex436:4608 #lowlight~a060:3435,,ok,1,romeric3,2347 563 -292 -55 0,2347 563 -292 -55 0,
rtex437~f2cf,rtex437,world,64x64,portals,keep,992563,193,keep4:476892 keep1:464728 keep3:50944,99,1,0,,1,2,69,9,135,rtex447~7f05:776 rtex435~729f:328 rtex066:64,rtex066:8599 rtex001:785 rtex006:736 rtex492:681 rtex225:553 rtex447~7f05:512,,ok,1,keep4,165 1093 -8 55 0,69 1093 129 55 0,
rtex438,rtex438,world,128x128,portals,keep,37376,48,keep4:37376,0,100,0,,1,0.31x0.38,43,0,106,rtex440~c299:288 rtex439~5f18:181,rtex001:1792 rtex439~5f18:1193 rtex440~c299:1120 rtex039~df99:976 rtex034:112,,ok,1,keep4,171 -32 -138 0 -90,171 40 -138 0 -90,
rtex439~2bcd,rtex439,world,64x64,data1,septimus deathmatch,37747676,3571,romeric1:8658010 romeric5:6924461 romeric3:6533827 romeric7:5965922 romeric4:5411269 romeric2:4242483 ravdm1:11704,51,45,4,breakable:1.4 door:0.53,1,2,66,13,123,rtex427~cc5e:11625 rtex436:8280 rtex454~d848:5120 rtex441~3aaf:1720 rtex255:1024 rtex435~ebbe:1024,rtex422~cba5:96087 rtex441~3aaf:81583 rtex306:70647 rtex427~cc5e:53530 rtex256:26986 rtex436:21819,,ok,1,romeric1,-986 -408 -266 0 -90,-851 -343 -266 0 -120,
rtex439~5f18,rtex439,world,64x128,portals,keep,2299457,1370,keep2:819128 keep3:725850 keep5:623674 keep4:130806,19,55,26,breakable:17 door:5.3,1,0.5x1.1,52,0,123,rtex440~c299:5088 rtex043~79b8:2805 rtex099:2696 rtex103:1380 rtex181:1360 rtex003:1088,rtex043~79b8:6876 rtex440~c299:6265 rtex450:3608 rtex075:3424 rtex335:3392 rtex429~0a31:2677,,ok,1,keep2,953 371 14 0 -120,1008 467 14 0 -120,
rtex440~7583,rtex440,world,64x64,,,0,0,,,,,,,,,,,,,,unused,,,,,
rtex440~c299,rtex440,world,32x128,portals,keep,1993871,748,keep5:1404801 keep3:485440 keep4:53840 keep2:49790,7,84,9,breakable:0.59 button:0.06,1,1x1.2,47,0,95,rtex439~5f18:5088 rtex012:3072 rtex006:1320 rtex003:1264 rtex488:648 rtex165:488,rtex439~5f18:6265 rtex006:5152 rtex003:3803 rtex450:3662 rtex001:3500 rtex028:2415,,ok,1,keep5,904 -448 306 0 0,657 -623 306 0 30,
rtex441~3aaf,rtex441,world,64x64,data1,septimus,11298526,1114,romeric1:4146419 romeric7:3734707 romeric5:2553143 romeric3:520192 romeric2:309248 romeric4:34816,65,27,9,door:1.7,1,2.5x2,57,0,114,rtex435~ebbe:1984 rtex427~cc5e:1808 rtex439~2bcd:1720 rtex103:1152 rtex256:560 rtex080~6280:448,rtex439~2bcd:81583 rtex436:29810 rtex422~cba5:23090 rtex427~cc5e:20809 rtex306:11318 #lowlight~a060:6144,,ok,1,romeric1,-1712 976 -56 55 0,-1938 976 76 40 0,
rtex441~c1f2,rtex441,world,64x64,portals,keep,11648,1,keep2:11648,100,0,0,,1,1.6x1.8,255,255,255,,rtex429~0a31:432,,none,1,,,,
rtex442~1cc5,rtex442,world,192x96,data1,deathmatch,36864,2,ravdm1:36864,0,100,0,,1,1,114,114,114,rtex130:576 rtex126:576,,,ok,1,ravdm1,1330 1600 238 0 0,1128 1600 238 0 0,
rtex442~4f0d,rtex442,world,64x80,portals,keep,120249,78,keep4:120249,7,86,7,door:100,1.5,0.38x0.5,32,0,69,,,,ok,1,keep4,17 -44 10 0 -90,17 40 10 0 -90,
rtex443,rtex443,world,128x64,portals,keep,14336,7,keep4:14336,0,100,0,,0.5,1,45,0,101,rtex362~89e7:320 rtex137:128,rtex034:320 rtex429~0a31:320 rtex010:128 rtex137:128,,ok,1,keep4,352 0 -293 0 180,400 0 -293 0 180,
rtex444~b162,rtex444,world,64x32,data1,septimus,25702,54,romeric2:25702,0,100,0,,1,1,34,0,79,,rtex449:480 rtex257:256 rtex255:249 rtex256:244 rtex405:192 rtex306:173,,ok,1,romeric2,32 779 140 -26 90,32 715 108 -26 90,
rtex444~e23c,rtex444,world,64x64,portals,keep,113488,31,keep4:63184 keep2:50304,99,1,0,,1,2x2.5,41,11,89,rtex094:128,rtex001:1263 rtex225:808 rtex446~9a2e:256 rtex228:64 rtex222:56 rtex103:32,,ok,1,keep4,1356 -352 -5 55 0,1356 -352 -5 55 0,
rtex445,rtex445,world,128x64,portals,keep,681,1,keep4:681,0,100,0,,1,0.3x0.75,94,94,94,rtex028:132,,,ok,2,keep4,-1030 153 177 0 -150,-968 189 177 0 -150,
rtex446~9a2e,rtex446,world,64x64,portals,keep,16704,3,keep4:16704,98,2,0,,1,2x1,56,56,57,rtex034:264,rtex444~e23c:256 rtex001:200 rtex034:40 rtex451~c3b6:16 rtex429~0a31:8,,ok,1,keep4,1330 85 -233 55 0,1299 85 -189 55 0,
rtex446~e821,rtex446,world,64x128,data1,septimus,18816,19,romeric1:11008 romeric2:7808,15,76,9,,1,2.2x0.06,71,0,120,rtex511:512,rtex439~2bcd:576 rtex454~d848:512 rtex256:432 rtex466:160,,ok,1,romeric1,-1133 164 230 0 0,-1234 164 230 0 0,
rtex447~7f05,rtex447,world,64x64,portals,keep,62053,20,keep3:40576 keep4:21477,100,0,0,,1,3.1x1,39,8,73,rtex437~f2cf:776 rtex034:764,rtex437~f2cf:512 rtex001:213 rtex006:184 rtex102:160 rtex099:136 rtex066:128,,ok,1,keep3,1487 1094 70 55 0,1397 1094 199 55 0,
rtex447~9d21,rtex447,world,64x128,data1,septimus,16363,23,romeric2:16363,7,79,14,,1,2x0.06,100,0,172,rtex498~be8a:512 rtex511:512,rtex256:1008 rtex124:161,,ok,1,romeric2,1020 1895 532 25 90,1020 1870 543 25 90,
rtex448,rtex448,world,64x64,data1,septimus,21356,8,romeric1:11392 romeric3:5868 romeric4:4096,87,13,0,,1,1,81,31,189,rtex451~f14d:527 rtex449:291 rtex452~89ad:48,rtex449:336 #lowlight~a060:192 rtex439~2bcd:128 rtex406:75,,ok,1,romeric1,850 122 -81 54 -1,874 25 24 55 90,
rtex449,rtex449,world,64x64,data1,septimus deathmatch,3423496,589,romeric2:2013068 romeric1:801554 romeric3:344265 romeric4:146913 ravdm1:55872 romeric5:49536 romeric6:12288,30,34,37,door:3.2,1,2.4x1.8,55,0,113,rtex451~f14d:2383 rtex439~2bcd:832 rtex256:544 rtex448:291 rtex452~89ad:208 rtex432~9e36:128,#lowlight~a060:26715 rtex080~6280:9350 rtex422~cba5:8776 rtex456~b509:8356 rtex259:7149 rtex451~f14d:6413,,ok,1,romeric2,-705 -744 -117 55 0,-705 -744 -117 55 0,
rtex450,rtex450,world,128x128,portals,keep,18688044,2236,keep2:14319264 keep3:4257405 keep4:111375,4,93,3,breakable:0.56 static:0.16 button:0.03,1,1.3x1.2,61,6,114,celt2:9276 rtex463:8128 rtex500~09dc:4764 rtex043~79b8:4380 rtex508~f168:1960 sky001~6566:1569,rtex043~79b8:29322 sky001~6566:25738 rtex008:23051 rtex502~77eb:19734 rtex336:11083 rtex006:10616,,ok,1,keep2,-840 -776 -26 0 -90,-840 -608 -26 0 -90,
rtex451~c3b6,rtex451,world,128x128,portals,keep,352928,251,keep4:192160 keep5:160768,2,96,2,door:3.4 button:0.06,1,0.55x0.25,74,16,132,rtex001:5592 rtex009:1536 rtex029:512 rtex010:336 rtex006:256 rtex028:16,rtex429~0a31:7984 rtex028:6688 rtex034:1808 rtex039~df99:1792 rtex415~c6aa:1375 rtex001:816,,ok,1,keep4,400 189 -214 0 90,400 88 -214 0 90,
rtex451~f14d,rtex451,world,64x64,data1,septimus,501283,107,romeric1:245408 romeric2:158720 romeric3:97155,93,7,0,,1,3.5x1,59,12,114,rtex449:2383 rtex452~89ad:937 rtex448:527 rtex439~2bcd:128,rtex449:6413 rtex419~7b9a:3712 rtex439~2bcd:3376 rtex259:2176 rtex422~cba5:2144 rtex437~2f52:1488,,ok,1,romeric1,1264 339 -37 55 0,1018 339 138 40 0,
rtex452~6404,rtex452,world,64x64,portals,other,1413609,272,thomas:1413609,15,79,6,,1,1.5x2.2,71,33,119,rtex499~5dec:2502 rtex022:776 rtex455~155e:694 rtex517:640 rtex126:383 rtex516:128,rtex499~5dec:12279 rtex516:4860 rtex022:2671 rtex459~e725:2560 rtex513~f742:2560 rtex028:1713,,ok,1,thomas,-1944 214 426 24 -90,-1944 429 521 24 -90,
rtex452~89ad,rtex452,world,64x64,data1,septimus,37728,16,romeric1:29536 romeric3:8192,100,0,0,,1,1,45,0,99,rtex451~f14d:937 rtex449:208 rtex448:48,rtex439~2bcd:384 rtex460~e88f:264 rtex259:256 rtex449:256 rtex427~cc5e:128 rtex459~e640:8,,ok,1,romeric1,591 544 -90 55 0,608 475 -16 55 90,
rtex454~a876,rtex454,world,64x64,portals,other keep,623982,42,thomas:516992 keep2:106990,83,17,0,,1,3x1.8,59,0,103,rtex499~5dec:656 rtex450:224 sky001~6566:32,rtex499~5dec:5520 rtex022:2712 rtex005:792 rtex043~79b8:749 rtex450:616 rtex336:368,,ok,1,thomas,-2125 -16 558 55 0,-2215 -16 687 55 0,
rtex454~d848,rtex454,world,128x128,data1,septimus deathmatch,278528,17,romeric1:180224 romeric5:65536 ravdm1:16384 romeric3:16384,0,100,0,,1,1,109,56,175,rtex439~2bcd:5120 rtex126:512 rtex422~cba5:512,rtex422~cba5:1280 rtex446~e821:512 rtex008:512 rtex306:256,,ok,1,romeric1,0 678 78 0 90,0 544 78 0 90,
rtex455~155e,rtex455,world,64x64,portals,other,44416,4,thomas:44416,0,100,0,,1,1x3.5,66,63,68,rtex452~6404:694 rtex499~5dec:128,rtex499~5dec:694 rtex498~f948:128,,ok,1,thomas,-381 536 275 0 0,-616 536 275 0 0,
rtex455~8437,rtex455,world,48x32,data1,septimus,42368,46,romeric1:42368,7,93,0,,1,1.3x0.75,43,9,146,rtex008:576 rtex126:32,rtex441~3aaf:1440 #lava000:768 rtex008:480 rtex439~2bcd:448 rtex126:96 rtex103:96,,ok,1,romeric1,-1166 30 28 0 -180,-1059 30 28 0 -180,
rtex456~b509,rtex456,world,64x64,data1,septimus,8106100,136,romeric6:6594560 romeric2:688999 romeric1:597436 romeric5:225106,96,3,1,,3,3.5x1.3,65,1,87,,rtex410~d020:20160 sky000~1272:16144 rtex422~cba5:8448 rtex449:8356 rtex259:5158 rtex441~3aaf:2270,,ok,1,romeric6,2914 382 394 55 0,2725 382 665 55 0,
rtex456~b5c4,rtex456,world,64x64,portals,other,192512,16,thomas:192512,100,0,0,breakable:28,1,1x3.5,132,78,168,rtex459~e725:2176,rtex430~6995:260 celt2:256 rtex066:132 rtex513~f742:128,,ok,1,thomas,617 2726 78 55 0,482 2726 271 55 0,
rtex457~7081,rtex457,world,64x32,portals,keep,403806,204,keep3:257502 keep5:146304,25,31,44,breakable:3.5,1,3.5x1,60,7,125,rtex336:2445 rtex010:1296 rtex003:1104 rtex499~5dec:880 rtex173:816 rtex052:560,rtex040:10400 rtex395~9104:7961 rtex041:6776 rtex113:3205 trimtex:1758 rtex336:1559,,ok,1,keep3,-161 -1599 -248 0 90,-338 -1638 -248 0 30,
rtex457~daa8,rtex457,world,64x96,data1,septimus,11795,3,romeric6:11795,0,100,0,,1.4x1.5,0.63x0.99,87,84,93,,rtex422~cba5:340 rtex423~10cf:88,,ok,1,romeric6,1952 1765 42 0 90,1952 1616 42 0 90,
rtex458~0bdd,rtex458,world,32x16,portals,keep,170425,105,keep2:51080 keep3:50816 keep5:43154 keep1:25375,1,96,4,,1,4x1,47,0,142,rtex450:1336 rtex499~5dec:128 rtex105:48 celt2:8,marble:3467 rtex008:2529 rtex336:2304 rtex502~77eb:1548 rtex006:1536 rtex094:1308,,ok,1,keep2,1320 -38 134 0 -90,1320 11 134 0 -90,
rtex458~f8f2,rtex458,world,64x96,data1,septimus,61440,13,romeric1:32768 romeric3:28672,3,93,3,door:100,1,1,49,0,132,,rtex028:2176 rtex103:384,,ok,1,romeric1,-2494 96 -2 0 180,-2360 96 -2 0 180,
rtex459~e640,rtex459,world,160x192,data1,septimus,102800,10,romeric1:102800,0,100,0,,1,1,113,76,153,,rtex028:1836 rtex460~e88f:232 rtex451~f14d:152 rtex452~89ad:8,,ok,1,romeric1,-2126 96 158 0 0,-2328 96 158 0 0,
rtex459~e725,rtex459,world,64x64,portals,other,1942028,82,thomas:1942028,100,0,0,breakable:11,2,2.5,80,54,106,rtex456~b5c4:2176 rtex066:229,rtex513~f742:4800 rtex452~6404:2560 rtex066:1489 +0rune1:1408 rtex053:320 celt2:256,,ok,1,thomas,111 2432 130 55 0,-79 2432 401 55 0,
rtex460~ad29,rtex460,world,32x32,portals,keep,17643,12,keep1:15363 keep3:2280,0,100,0,,1,7x0.5,93,6,226,rtex461~4ec9:192 rtex104:192,rtex173:1052 rtex099:381 rtex104:315 rtex004:296 rtex415~c6aa:205 rtex488:32,,ok,1,keep1,479 160 139 -25 0,144 160 166 0 0,
rtex460~e88f,rtex460,world,128x256,data1,septimus,642829,243,romeric1:374704 romeric5:84064 romeric7:84064 romeric2:59197 romeric3:40800,0,100,0,,1,0.38x0.72,79,31,144,rtex028:896 rtex255:368 rtex435~ebbe:256,rtex028:8049 rtex439~2bcd:4384 rtex422~cba5:1792 rtex441~3aaf:1440 rtex306:1280 rtex406:512,,ok,1,romeric1,363 192 56 0 0,128 192 56 0 0,
rtex461~4ec9,rtex461,world,32x32,portals,keep,8192,4,keep1:8192,0,100,0,,1,3x0.5,62,0,111,rtex460~ad29:192 rtex104:128 rtex488:32,rtex105:384 rtex173:143 rtex008:128 rtex104:32,,ok,1,keep1,664 387 142 0 -90,664 428 142 0 -90,
rtex461~6ace,rtex461,world,128x144,data1,septimus,27142,26,romeric4:27142,0,100,0,,1,0.31x0.67,86,68,100,rtex103:160 rtex462~edef:101,rtex103:1294 rtex462~edef:3,,ok,1,romeric4,1145 739 -329 0 -90,1145 840 -329 0 -90,
rtex462~995a,rtex462,world,32x16,portals,keep,47533,38,keep3:29741 keep2:17792,0,100,0,,1,3.8x1,52,28,78,rtex450:1472 rtex040:32,rtex335:1454 rtex040:1096 rtex502~77eb:944 rtex415~c6aa:480 rtex450:64 rtex499~5dec:48,,ok,1,keep3,-110 1104 -8 0 0,-312 1104 -8 0 0,
rtex462~edef,rtex462,world,32x96,data1,septimus,5171,4,romeric4:5171,0,100,0,,1,1,80,82,85,rtex461~6ace:101,rtex103:546 rtex461~6ace:3,,ok,1,romeric4,1019 506 -266 0 90,1019 401 -266 0 90,
rtex463,rtex463,world,32x32,portals,keep,467392,116,keep2:402368 keep1:65024,25,72,3,,1,5.2x1,44,0,91,rtex450:8128 sky001~6566:864 rtex429~0a31:728 rtex508~f168:16,sky001~6566:5680 rtex450:2128 rtex029:2032 rtex336:1680 rtex429~0a31:1456 rtex454~a876:288,,ok,1,keep2,264 2365 536 55 0,153 2365 694 55 0,
rtex464~51cc,rtex464,world,32x32,portals,keep,115782,52,keep2:115782,12,75,13,,1,5.5x1,78,37,104,rtex450:256 rtex096:128 rtex008:112,rtex450:3746 rtex008:1550 rtex043~79b8:64 rtex096:64,,ok,1,keep2,2771 747 126 0 0,2536 747 126 0 0,
rtex464~70d8,rtex464,world,48x112,data1,septimus,8832,2,romeric3:8832,0,100,0,,1,1x0.93,60,40,80,rtex422~cba5:456,rtex103:96,,ok,1,romeric3,-791 832 9 0 180,-706 923 9 0 -150,
rtex465,rtex465,world,32x32,data1,septimus,182608,92,romeric1:105775 romeric3:76833,12,76,12,static:60 mover:40,1,4x6,7,0,27,,,,ok,1,romeric1,960 -914 31 0 -90,960 -873 31 0 -90,
rtex466,rtex466,world,64x64,data1,septimus,408650,223,romeric4:243552 romeric5:72960 romeric1:41344 romeric2:26525 romeric7:23296 romeric3:973,73,14,13,,1,1.8x1.7,52,0,109,rtex422~cba5:764 rtex103:64 rtex406:15,rtex422~cba5:3728 rtex406:2859 rtex436:2181 rtex418~19a3:1664 rtex437~2f52:1522 rtex256:982,,ok,1,romeric4,-202 1434 -57 55 0,-2 1434 -5 40 -180,
rtex467,rtex467,world,64x64,data1,septimus,457082,114,romeric5:308982 romeric1:148101,31,38,31,breakable:100,1,2.4x1.6,43,0,138,,,,ok,1,romeric5,-1312 -476 90 -55 0,-1376 -476 -1 -55 0,
rtex468,rtex468,world,64x64,data1,septimus,493568,74,romeric1:475136 romeric2:18432,100,0,0,,1,1x3,64,42,89,rtex469~cfbf:2944 rtex080~6280:512 rtex500~eded:64,rtex473:4032 rtex259:1280 rtex449:640 rtex422~cba5:64,,ok,1,romeric1,-1210 -672 -58 55 0,-1264 -672 20 55 0,
rtex469~2ac1,rtex469,world,64x64,,,0,0,,,,,,,,,,,,,,unused,,,,,
rtex469~cfbf,rtex469,world,64x64,data1,septimus,114688,28,romeric1:114688,100,0,0,,1,1,62,30,116,rtex468:2944 rtex080~6280:128,rtex473:1920 rtex259:1152 rtex254:256 rtex427~cc5e:128,,ok,1,romeric1,-1521 -864 -162 55 0,-1435 -864 -88 55 180,
rtex470,rtex470,world,80x64,data1,septimus,145664,32,romeric2:38144 romeric1:30720 romeric7:30720 romeric3:25600 romeric4:10240 romeric5:10240,0,99,0,plaque:100,1,1,48,44,79,,rtex028:7488,,ok,1,romeric2,-328 736 -58 0 -90,-328 820 -58 0 -90,
rtex473,rtex473,world,64x64,data1,septimus,1325058,287,romeric1:1024308 romeric2:207023 romeric3:59835 romeric7:33892,20,76,4,breakable:23 static:5.6,1,2x1.8,37,0,71,rtex422~cba5:217 rtex439~2bcd:99 rtex254:96,rtex468:4032 rtex259:2002 rtex469~cfbf:1920 rtex080~6280:512 rtex113:115 rtex254:41,,ok,1,romeric1,-1038 -1245 -137 0 90,-1140 -1265 -137 0 60,
rtex474~3c79,rtex474,world,192x112,data1,septimus,23196,3,romeric3:23196,0,100,0,,1,0.33x1,134,133,136,rtex422~cba5:207,rtex255:224 rtex439~2bcd:207,,ok,1,romeric3,1725 -42 -250 0 -63,1672 63 -250 0 -63,
rtex474~ab7c,rtex474,world,128x128,portals,keep,2197808,180,keep2:2197808,100,0,0,,1,1.6x1.2,71,36,102,rtex066:416 rtex103:328 rtex034:200 rtex336:144 rtex043~79b8:128 rtex335:70,rtex450:10204 rtex503:2932 rtex043~79b8:1436 rtex502~77eb:1343 rtex094:869 rtex103:701,,ok,1,keep2,169 535 38 55 0,34 535 231 55 0,
rtex475,rtex475,world,128x96,data1,septimus,24576,2,romeric3:24576,0,100,0,,1,1,74,74,74,rtex124:896,,,ok,1,romeric3,414 448 150 0 0,280 448 150 0 0,
rtex476~1b68,rtex476,world,128x128,data1,septimus deathmatch,90112,9,romeric4:40960 romeric3:32768 ravdm1:16384,2,95,2,door:45,1,1,86,86,127,rtex100:1024 rtex126:512,,,ok,1,romeric4,804 -128 -322 0 180,962 -16 -322 0 -150,
rtex476~c695,rtex476,world,128x128,portals,keep,330973,65,keep2:330973,0,95,5,,1,0.94x1,60,0,92,rtex008:2096 rtex477:864 rtex506:632 rtex439~5f18:384 rtex450:264 rtex440~c299:144,rtex439~5f18:2416 rtex034:1392 rtex502~77eb:1168 rtex043~79b8:1136 rtex008:928 rtex450:899,,ok,1,keep2,-43 682 131 0 -180,192 682 131 0 -180,
rtex477,rtex477,world,64x128,portals,keep,88320,12,keep2:88320,0,100,0,,1,1.9x0.94,36,0,73,rtex476~c695:864 rtex506:496 rtex008:464 rtex450:128 rtex001:120,rtex476~c695:640 rtex502~77eb:256 rtex450:240 rtex001:240 rtex040:224 rtex429~0a31:120,,ok,1,keep2,614 2245 221 0 0,561 2245 221 0 0,
rtex479~d3c5,rtex479,world,64x64,portals,keep,404437,63,keep2:404437,66,31,3,,1,3.5x1.5,69,3,124,,rtex450:3601 rtex506:1756 rtex008:1274 rtex043~79b8:913 rtex476~c695:835 rtex429~0a31:672,,ok,1,keep2,3587 1016 294 55 0,3533 1016 372 55 0,
rtex479~f425,rtex479,world,128x128,data1,septimus,832384,84,romeric3:618496 romeric2:213888,100,0,0,,1,1.2x1,72,14,131,,rtex422~cba5:6624 rtex427~cc5e:3936 rtex256:2016 rtex309:1792 rtex426~ef4f:256 rtex433~0e36:128,,ok,1,romeric3,1461 1621 171 55 0,1515 1738 261 55 -90,
rtex480,rtex480,world,128x128,data1,septimus,1034240,67,romeric3:1034240,93,0,7,,1,1.5x1,74,35,114,,rtex422~cba5:12368 rtex427~cc5e:4368 rtex309:1536 rtex033:160 rtex433~0e36:128 rtex028:32,,ok,1,romeric3,805 1772 1 55 0,841 1889 117 55 -90,
rtex481~3bb0,rtex481,world,128x128,portals,keep,147456,24,keep5:147456,44,11,44,door:100,1,1,27,3,60,,,,ok,1,keep5,541 -608 15 55 0,464 -608 125 55 0,
rtex481~c30d,rtex481,world,64x128,data1,septimus,21024,22,romeric4:21024,5,93,2,static:100,1,1x0.5,25,0,66,,,,ok,1,romeric4,-91 600 46 0 90,-91 528 46 0 90,
rtex482,rtex482,world,64x128,data1,septimus,65536,8,romeric4:65536,0,100,0,,1,1,66,40,116,rtex484:128,rtex484:896 rtex306:512 rtex439~2bcd:384 rtex028:128,,ok,1,romeric4,-230 608 14 0 180,-96 608 14 0 180,
rtex483,rtex483,world,64x128,data1,septimus,49152,6,romeric4:49152,0,100,0,,1,1,71,40,116,rtex484:128,rtex439~2bcd:384 rtex484:384 rtex306:384,,ok,1,romeric4,-26 608 14 0 0,-160 608 14 0 0,
rtex484,rtex484,world,64x128,data1,septimus,884736,67,romeric4:884736,0,99,1,,1,2.8x1,44,0,82,rtex427~cc5e:4032 rtex306:2624 rtex483:128 rtex482:128 rtex406:128,rtex306:4352 rtex439~2bcd:2464 rtex482:896 rtex008:448 rtex483:384 rtex427~cc5e:288,,ok,1,romeric4,112 1059 14 0 90,112 824 14 0 90,
rtex485~e5d5,rtex485,world,64x128,data1,septimus,66560,17,romeric5:45056 romeric4:21504,5,92,3,door:100,1,1,31,0,70,,rtex103:160,,ok,1,romeric5,898 480 -114 0 180,1032 480 -114 0 180,
rtex485~f756,rtex485,world,128x128,portals,keep,6660797,650,keep1:6660797,6,77,17,door:42 static:3.2 mover:0.69,1,1.2x1.3,27,0,103,rtex102:1669 rtex028:903 rtex041:584 rtex104:566 rtex488:160 rtex066:114,rtex028:14395 rtex488:12683 rtex102:12427 rtex041:9611 rtex066:6259 #lowlight~a060:5820,,ok,1,keep1,242 -327 262 -55 0,152 -327 133 -55 0,
rtex486,rtex486,world,64x128,data1,septimus,19456,6,romeric4:19456,3,95,3,static:100,1,1,53,0,77,,,,ok,1,romeric4,-262 480 14 0 180,-128 480 14 0 180,
rtex488,rtex488,world,128x128,portals,keep,16622934,1174,keep1:15648743 keep5:974191,2,97,1,door:15 breakable:0.6,1,1.5x1.6,60,6,111,celt2:4946 rtex105:2688 rtex165:2536 rtex030:1874 rtex395~9104:1844 rtex102:1173,rtex165:20667 rtex102:19345 rtex225:13190 rtex485~f756:12683 rtex104:11535 rtex004:9813,,ok,1,keep1,-1311 433 532 0 45,-1377 367 532 0 45,
rtex490,rtex490,world,64x64,portals,keep,509360,47,keep5:509360,0,84,16,,1,3.5x1.5,65,26,99,rtex395~9104:2875 rtex040:1344 rtex439~5f18:344 rtex440~c299:192 rtex029:176,rtex074:2387 rtex010:1936 rtex003:1153 rtex342~6f88:1110 rtex440~c299:697 rtex009:136,,ok,1,keep5,1339 1872 -169 0 90,1339 1620 -169 0 90,
rtex491,rtex491,world,64x128,portals,keep,163008,14,keep1:154816 keep4:8192,5,95,0,door:13 breakable:5,1,1.8x1,67,0,137,rtex006:768 rtex029:192,rtex028:1520 rtex488:856 rtex029:640 rtex485~f756:336 rtex004:184,,ok,1,keep1,733 1216 126 0 180,968 1216 126 0 180,
rtex492,rtex492,world,64x64,portals,keep,100796,20,keep1:100796,99,1,0,,1,2.1x2.9,102,66,166,,rtex437~f2cf:681 rtex225:334 rtex066:219,,ok,1,keep1,985 1569 -134 55 0,850 1569 59 55 0,
rtex493,rtex493,world,128x128,portals,keep,44416,6,keep2:30080 keep1:14336,0,99,1,,1,1x0.88,96,80,119,rtex488:480 rtex439~5f18:128,rtex439~5f18:136,,ok,1,keep2,1166 704 190 0 0,1155 646 190 0 30,
rtex495~82e8,rtex495,world,128x96,data1,septimus,24576,2,romeric5:24576,0,100,0,,1,1,98,52,143,rtex256:448 rtex422~cba5:192 rtex428:128,rtex439~2bcd:128,,ok,1,romeric5,922 128 -61 0 180,1056 128 -61 0 180,
rtex495~9415,rtex495,world,128x128,portals,keep,20480,3,keep1:20480,0,100,0,,1,1,84,0,105,rtex496~e22e:160 rtex342~6f88:128,rtex104:1024 rtex488:256 rtex342~6f88:32,,ok,1,keep1,10 1268 -26 0 180,144 1268 -26 0 180,
rtex496~4763,rtex496,world,128x144,data1,septimus,36864,2,romeric2:36864,0,100,0,,1,1,100,100,100,rtex124:800,,,ok,1,romeric2,-915 1067 -18 0 -180,-764 1067 -18 0 -180,
rtex496~e22e,rtex496,world,128x128,portals,keep,20480,3,keep1:20480,0,100,0,,1,1,88,0,111,rtex495~9415:160 rtex342~6f88:128,rtex104:1024 rtex488:256 rtex342~6f88:32,,ok,1,keep1,10 1268 -152 0 180,144 1268 -152 0 180,
rtex497,rtex497,world,64x64,data1,septimus,60884,23,romeric3:36864 romeric2:12288 romeric6:11732,7,86,7,breakable:100,1,1x1.5,39,0,107,,,,ok,1,romeric3,1504 1254 -114 0 90,1504 1120 -114 0 90,
rtex498~be8a,rtex498,world,128x128,data1,septimus,16384,1,romeric2:16384,0,100,0,,1,1,102,102,102,rtex447~9d21:512,,,ok,1,romeric2,1088 1895 532 25 90,1088 1870 543 25 90,
rtex498~f948,rtex498,world,64x128,portals,other,252624,29,thomas:252624,100,0,0,,1,1.1x1.8,94,63,115,,rtex021:4736 rtex499~5dec:513 rtex452~6404:447 rtex516:339 rtex251:336 rtex455~155e:128,,ok,1,thomas,-230 819 190 55 0,-365 819 383 55 0,
rtex499~5dec,rtex499,world,128x128,portals,other keep,9543176,612,thomas:8053884 keep3:1489293,2,96,2,,1,1.6,88,25,152,rtex516:15340 rtex452~6404:2502 trimtex:2136 rtex126:2036 rtex099:1232 rtex147~96f2:1152,rtex452~6404:12279 sky000~adb1:9692 rtex099:7543 rtex454~a876:5520 rtex029:5390 rtex022:5273,,ok,1,thomas,920 597 107 0 180,1021 597 107 0 180,
rtex499~c007,rtex499,world,256x256,data1,deathmatch septimus,120832,11,ravdm1:65536 romeric7:55296,100,0,0,,1,0.88,44,30,54,,rtex253:1024 rtex437~2f52:859,,ok,1,ravdm1,1018 1648 43 55 0,1018 1648 43 55 0,
rtex500~09dc,rtex500,world,64x32,portals,keep,169190,47,keep2:169190,10,83,6,,1,2.8x1,79,19,127,rtex450:4764 rtex429~0a31:1536 rtex506:17,rtex502~77eb:2112 rtex506:1232 rtex429~0a31:960 rtex450:664 rtex479~d3c5:280 rtex008:128,,ok,1,keep2,-35 2615 589 0 -180,200 2615 589 0 -180,
rtex500~eded,rtex500,world,64x64,data1,septimus,5120,1,romeric2:5120,100,0,0,,1,1.2x1,49,49,49,rtex080~6280:160 rtex468:64,rtex422~cba5:64,,none,1,,,,
rtex501,rtex501,world,64x64,data1,septimus,260608,80,romeric4:122368 romeric1:102400 romeric2:35840,35,39,26,breakable:100,1,1,46,0,100,,rtex436:768 rtex432~9e36:192 rtex439~2bcd:192 rtex427~cc5e:160,,ok,1,romeric4,-661 340 -90 0 30,-700 456 -90 0 -60,
rtex502~15be,rtex502,world,96x128,data1,septimus deathmatch,268800,33,ravdm1:110080 romeric2:79360 romeric5:49152 romeric4:30208,3,96,1,door:100,1,1,41,0,103,,rtex103:3808 rtex028:2208 rtex008:224,,ok,1,ravdm1,-738 1600 -442 0 180,-691 1542 -442 0 150,
rtex502~77eb,rtex502,world,64x128,portals,keep,2498983,250,keep2:2498983,100,0,0,,1,2.6x1.1,49,21,83,rtex094:664 rtex103:328 rtex043~79b8:296 rtex040:288 rtex105:224 rtex450:144,rtex450:19734 rtex506:2238 rtex008:2202 rtex500~09dc:2112 rtex458~0bdd:1548 rtex474~ab7c:1343,,ok,1,keep2,-114 2773 278 55 0,-168 2773 356 55 0,
rtex503,rtex503,world,128x128,portals,keep,740401,55,keep2:740401,1,99,0,,1,1x1.8,88,58,119,rtex450:120,rtex474~ab7c:2932 sky001~6566:2244 rtex413~5d51:588 rtex450:501 rtex502~77eb:276 rtex476~c695:128,,ok,1,keep2,3029 2112 308 0 180,3264 2112 308 0 180,
rtex506,rtex506,world,64x64,portals,keep,98334,114,keep2:98334,45,46,9,,1,1.2x0.25,54,2,111,rtex476~c695:632 rtex450:599 rtex477:496 rtex008:250 rtex439~5f18:248 rtex105:80,rtex450:3148 rtex502~77eb:2238 rtex479~d3c5:1756 rtex094:1362 rtex500~09dc:1232 rtex005:1096,,ok,1,keep2,3282 1813 355 55 0,3282 1813 355 55 0,
rtex508~9408,rtex508,world,32x32,data1,septimus,40053,514,romeric3:13438 romeric1:7984 romeric7:7984 romeric2:5323 romeric5:2661 romeric4:2661,24,59,17,,1,0.42x0.5,57,0,140,rtex033:96,rtex033:3273 +0tri:2822 rtex422~cba5:2602 rtex509:2093 rtex439~2bcd:64,,ok,1,romeric3,2478 -288 -305 -1 0,2406 -288 -305 0 0,
rtex508~f168,rtex508,world,32x32,portals,keep,332387,68,keep2:332387,57,43,0,,1,6x3,26,0,75,rtex450:1960 rtex043~79b8:1280 rtex429~0a31:1216 rtex463:16,sky001~6566:2368 rtex450:1352 rtex429~0a31:608 rtex005:448 rtex463:272 rtex003:256,,ok,1,keep2,-269 2419 780 55 0,-385 2419 945 55 0,
rtex509,rtex509,world,80x128,data1,septimus deathmatch,268930,181,romeric4:80228 romeric7:48685 romeric1:48685 romeric2:32457 romeric3:24342 ravdm1:18304 romeric5:16228,5,90,5,door:31,1,0.8x0.88,59,0,118,,rtex033:5552 rtex508~9408:2093 rtex441~3aaf:768 rtex439~2bcd:704,,ok,1,romeric4,-130 -116 30 0 -90,-130 2 30 0 -90,
rtex510,rtex510,world,64x64,data1,septimus,166235,38,romeric1:166235,22,56,21,,1,2x1,30,0,53,rtex439~2bcd:192,rtex439~2bcd:1768 rtex103:261 rtex441~3aaf:128 rtex148:90,,ok,1,romeric1,-484 -474 -421 -55 1,-484 -474 -421 -55 1,
rtex511,rtex511,world,128x128,data1,deathmatch septimus,146944,14,ravdm1:114176 romeric2:32768,3,94,3,static:78,1x1.1,1x1.3,55,0,190,rtex447~9d21:512 rtex446~e821:512,,,ok,1,ravdm1,-2353 2157 242 0 120,-2392 1902 242 0 90,
rtex512,rtex512,world,80x80,data1,septimus,69422,57,romeric5:69422,0,95,5,door:100,1,1.2x0.55,0,0,0,,rtex028:1719 rtex103:103,,ok,3,romeric5,-161 1005 -112 -6 86,-168 885 -126 -6 86,
rtex513~2d30,rtex513,world,80x80,data1,septimus,23141,19,romeric5:23141,0,95,5,door:100,1,1.2x0.55,0,0,0,,rtex028:573 rtex103:34,,ok,5,romeric5,90 1277 -108 -3 -86,84 1364 -111 -2 -86,
rtex513~f742,rtex513,world,64x64,portals,other,3080945,140,thomas:3080945,79,21,0,,1,3.5x3.4,75,0,115,rtex053:156,rtex516:9488 rtex517:5020 rtex459~e725:4800 rtex499~5dec:3425 rtex452~6404:2560 trimtex:2320,,ok,1,thomas,-1532 -4 65 55 0,-1474 317 252 40 -90,
rtex514,rtex514,world,64x64,data1,septimus,11264,6,romeric1:11264,7,86,7,plaque:100,1,1,34,0,95,,,,ok,1,romeric1,12 1152 70 0 0,-36 1152 70 0 0,
rtex515,rtex515,world,64x32,portals,keep,7360,5,keep2:7360,4,96,0,breakable:100,1,1.1,56,3,117,,rtex440~c299:216 rtex246:192,,ok,1,keep2,-154 386 140 0 180,-82 386 140 0 180,
rtex516,rtex516,world,32x80,portals,other,1051351,104,thomas:1051351,0,100,0,,1,7x0.8,82,45,125,rtex499~5dec:15340 rtex126:336 rtex123:176 rtex029:144 rtex452~6404:128,rtex513~f742:9488 rtex452~6404:4860 rtex029:3078 rtex028:2129 rtex126:1619 rtex499~5dec:1186,,ok,1,thomas,909 320 358 0 180,1144 320 358 0 180,
rtex517,rtex517,world,64x64,portals,other,982123,47,thomas:982123,100,0,0,,1,3.5x2,130,97,163,rtex452~6404:640,rtex519:7414 rtex513~f742:5020 rtex053:1488 rtex121:352 rtex054:256,,ok,1,thomas,952 2761 216 55 0,807 2761 422 55 0,
rtex518,rtex518,world,128x80,portals,other,10240,1,thomas:10240,0,100,0,,1,1,116,116,116,,rtex103:416,,ok,1,thomas,448 2082 150 0 -90,448 2216 150 0 -90,
rtex519,rtex519,world,64x128,portals,other,2842428,84,thomas:2842428,0,100,0,,1,3.5x1.8,153,106,201,,rtex517:7414 sky000~adb1:7414 rtex103:416 rtex053:128,,ok,1,thomas,264 2152 350 0 -90,264 2404 350 0 -90,
rtex520,rtex520,world,96x96,portals,other,319616,21,thomas:319616,100,0,0,,1,1.3x2.3,92,78,116,,rtex499~5dec:1016 rtex028:1016 rtex022:976 rtex029:432 rtex513~f742:160,,ok,1,thomas,1547 744 360 55 90,1656 731 442 55 135,
sky000~1272,sky000,sky,256x128,data1,septimus deathmatch,18904248,105,romeric6:9240576 romeric2:4206933 romeric1:1946624 romeric5:1778944 romeric7:671744 romeric4:637952 romeric3:363874 ravdm1:57600,0,0,100,,1,4.7x10,,,,rtex102:192,rtex259:21721 rtex422~cba5:18400 rtex456~b509:16144 rtex441~3aaf:6058 rtex103:3264 rtex416~f60c:2944,,sky,,,,,
sky000~1af1,sky000,sky,256x128,data1,thysis deathmatch mazaera,21994204,491,ravdm4:6228298 egypt1:6170977 egypt3:3610120 egypt2:2973418 egypt4:1045398 egypt5:805378 egypt6:569113 rider2c:433609 egypt7:157892,1,46,53,,1,2.1x3.5,,,,rtex382~d2b1:23471 rtex337:2576 rtex383~20b5:489 rtex028:464 rtex362~b302:272 rtex370:256,rtex337:45020 rtex378:4495 rtex382~d2b1:3569 rtex384~4b5a:3096 rtex028:2697 rtex356~0c6b:2652,,sky,,,,,
sky000~adb1,sky000,sky,256x128,data1 portals,other cathedral blackmarsh,14686074,172,thomas:8573333 eidolon:3123883 tower:2789738 rider1a:181840 castle5:17280,0,3,97,,1,3.5x4,,,,rtex001:2048 rtex335:1360 rtex054:1152 rtex028:800 rtex003:324,rtex165:14829 rtex499~5dec:9692 rtex003:8109 rtex519:7414 rtex011:3494 rtex008:3241,,sky,,,,,
sky001~4893,sky001,sky,256x128,data1,mazaera,16770290,197,meso9:7520256 meso2:3217895 meso6:2046528 meso3:1145055 meso1:1140569 meso4:770210 meso8:573426 meso5:356352,0,17,83,,1,6x4.3,,,,rtex328:7680,rtex274:19176 rtex328:10900 mtex497:10590 biessman:8409 rtex265:3720 mtex488:2926,,sky,,,,,
sky001~6566,sky001,sky,256x128,data1 portals,blackmarsh tulku keep cathedral other deathmatch,88105699,2159,demo2:11213174 keep2:9416896 tibet1:7165539 village2:6949994 tibet4:6688450 demo3:6661306 tibet2:4421876 village1:4094389 village4:3673132 tibet3:3605081 demo1:3536385 tibet6:3349392 keep3:2953923 cath:2843946 village3:2548326 tibet7:2532834 tibet9:1881728 tibet10:951780 village5:843781 thomas:750592 ravdm2:659456 keep1:467046 tibet8:294719 keep5:253366 castle4:199680 tower:67712 castle5:44544 tibet5:36653,8,29,63,,1,1.8x3,,,,rtex022:4964 trimtex:3632 rtex413~5d51:2338 rtex450:1569 rpal358:1408 ttex098:1390,rtex022:136468 ttex098:78981 rtex413~5d51:55032 rtex020:25864 rtex450:25738 rtex038:22222,,sky,,,,,
thronetex1,thronetex1,world,96x96,data1 portals,blackmarsh keep other,4922988,246,village4:3938256 village2:628849 keep5:239611 keep4:107840 thomas:8432,79,1,20,breakable:0.06,1.5,1.9x1.7,56,0,99,rtex395~9104:1920 rtex029:1536 rtex030:1232 celtbrown:960 rtex022:643 rtex028:272,rtex022:17803 rtex361~7f50:5319 celt2:3848 marbleseam:3839 rtex415~c6aa:3360 rtex028:2909,,ok,1,village4,2031 2073 306 55 0,2041 1957 360 55 45,
trimtex,trimtex,world,32x80,data1 portals,blackmarsh keep other,7638613,538,village2:5429836 keep3:710120 village1:661031 demo1:324007 demo3:290560 keep2:113203 thomas:106784 keep1:3072,0,70,30,,1.5x1,7x0.91,74,0,143,rtex022:67643 sky001~6566:3632 rtex030:3286 rtex335:2960 rtex499~5dec:2136 rtex450:1524,rtex022:29455 rtex005:26012 sky001~6566:20641 rtex028:7456 rtex388~6280:4604 rtex029:3142,,ok,1,village2,3228 -2181 790 0 0,2898 -2181 790 0 0,
ttex001,ttex001,world,64x64,portals,tulku,684225,73,tibet6:492353 tibet4:191872,7,83,10,door:4.1,1,2.2x3,14,0,47,ttex054:1040 ttex146:288 ttex018:256 ttex013:160 ttex024:128 ttex022:128,ttex024:2089 ttex003:724 ttex059:448 ttex005:373 ttex021:320 ttex022:320,,ok,1,tibet6,744 1287 134 0 60,627 1083 134 0 60,
ttex002,ttex002,world,64x64,portals,tulku,577224,60,tibet6:577224,100,0,0,,1,2.1x2.2,77,41,122,ttex053:256 ttex003:96,ttex085:2240 ttex004:2160 ttex024:832 ttex051:768 ttex089:692 ttex146:576,,ok,1,tibet6,-805 -319 219 55 -134,-732 -247 273 40 -135,
ttex003,ttex003,world,64x64,portals,tulku,16507965,1609,tibet3:5094627 tibet4:3449097 tibet6:2858100 tibet5:2217922 tibet2:1591748 tibet1:1205654 tibet7:90816,88,7,6,breakable:6.7 door:2.6 mover:2.5 static:0.73,1,2.5,64,14,100,ttex158:6768 ttex019:3726 ttex349:1792 ttex224:1776 ttex088:1749 ttex021:1572,ttex126:48817 ttex009:15408 ttex019:12035 ttex013:10348 ttex054:9216 rpal243:7389,,ok,1,tibet3,-732 1019 83 55 0,-732 1019 83 55 0,
ttex004,ttex004,world,64x64,portals,tulku,3296652,358,tibet2:2462036 tibet3:527288 tibet6:278528 tibet1:28800,1,89,11,,1,2.6x2,52,0,97,ttex068:2144 ttex042:1829 ttex153:1352 ttex043:1280 ttex054:1008 ttex088:909,ttex068:8562 ttex033:6787 ttex003:6500 ttex037:5184 ttex051:2848 ttex024:2706,,ok,1,tibet2,823 -2488 942 0 90,823 -2740 942 0 90,
ttex005,ttex005,world,64x64,portals,tulku,1725598,858,tibet10:659992 tibet9:445361 tibet7:256617 tibet8:235834 tibet6:127794,25,49,26,door:3.3 breakable:0.39,1,1,81,7,172,rpal308:5192 rpal332:3676 rpal312:1578 ttex373:704 ttex371:288 ttex019:256,ttex372:12910 rpal308:11959 ttex020:10189 sky001~6566:8103 ttex013:4048 rpal312:3888,,ok,1,tibet10,-2260 1902 1502 0 0,-2260 1902 1502 0 0,
ttex006,ttex006,world,64x64,portals,tulku,172990,254,tibet7:164286 tibet1:6656 tibet6:2048,43,55,2,door:2 button:0.59,1,1x0.5,77,8,131,ttex020:512 ttex146:56,ttex020:17246 ttex019:5440 ttex013:1536 ttex024:960 ttex263:768 ttex269:768,,ok,1,tibet7,-2284 -1492 -210 55 45,-2323 -1531 -132 55 45,
ttex008,ttex008,world,128x128,portals,tulku,40832,25,tibet3:40832,0,100,0,,1,0.5x0.25,79,61,110,ttex054:240,ttex020:588 ttex003:288 ttex052:256 ttex079:240 ttex042:128 ttex054:128,,ok,1,tibet3,-814 625 512 0 -90,-814 734 512 0 -90,
ttex009,ttex009,world,64x64,portals,tulku,1076532,268,tibet7:489435 tibet3:287330 tibet4:167369 tibet2:131968 tibet1:430,49,26,25,,1,2.1x1,57,0,103,ttex088:752 ttex018:136 ttex012:80 ttex020:59 ttex153:32 ttex188:20,ttex003:15408 ttex088:5967 ttex018:2863 ttex020:2790 ttex126:2236 ttex043:1979,,ok,1,tibet7,1824 1042 490 55 0,1760 1042 492 40 0,
ttex010,ttex010,world,64x64,portals,tulku,81920,12,tibet2:77824 tibet7:4096,15,80,5,door:90,1,1x3.5,21,0,52,,ttex065:256 ttex016:256,,ok,1,tibet2,-1617 -1664 -186 55 0,-1631 -1695 -147 55 45,
ttex012,ttex012,world,64x64,portals,tulku,5630750,742,tibet6:3227399 tibet2:1635947 tibet1:767405,0,95,5,door:1.4 breakable:0.45,1,2x2.2,60,0,134,ttex140:4168 ttex201:1536 ttex019:1152 ttex013:887 ttex227:768 ttex068:192,ttex020:12812 ttex085:8273 ttex053:6560 ttex013:5922 ttex052:4823 ttex050:4129,,ok,1,tibet6,1472 753 329 0 -90,1321 759 329 0 -30,
ttex013,ttex013,world,64x64,portals,tulku,3354097,1792,tibet7:1262300 tibet6:974874 tibet5:673048 tibet3:103174 tibet4:94801 tibet8:79604 tibet1:79177 tibet2:77646 tibet9:9472,36,49,15,static:4.4 mover:1.3 door:1 plaque:0.37 button:0.16,1,1.2,67,8,122,ttex126:9092 ttex042:1701 ttex368:1290 ttex153:923 ttex012:887 ttex054:854,ttex126:17763 ttex016:16395 ttex003:10348 ttex020:6848 ttex012:5922 ttex005:4048,,ok,1,tibet7,-2670 -2374 -213 55 0,-2726 -2374 -133 55 0,
ttex014,ttex014,world,64x64,portals,tulku,256,1,tibet4:256,0,100,0,,1,0.25,2,2,2,,ttex024:64,,ok,1,tibet4,-1608 1136 350 0 90,-1608 1064 350 0 90,
ttex016,ttex016,world,64x128,portals,tulku,6193536,2079,tibet7:3855493 tibet1:1214275 tibet6:638365 tibet3:366837 tibet2:95014 tibet4:23552,33,43,24,door:3.1 static:0.11 button:0.04,1,2x0.75,62,16,122,ttex249:2853 ttex262:1856 ttex019:1663 ttex032:1419 ttex126:1286 ttex059:1263,ttex020:30593 ttex262:19968 ttex013:16395 ttex275:8549 ttex140:7893 ttex019:7566,,ok,1,tibet7,-14 -1498 88 55 0,-111 -1498 225 55 0,
ttex017,ttex017,world,64x128,portals,tulku,1293317,219,tibet7:1210591 tibet3:49830 tibet6:32896,70,29,1,,1,2.2x1.2,45,19,75,ttex126:261 ttex069:128 ttex016:48 ttex013:16,ttex088:8332 ttex054:6159 ttex269:2957 ttex016:2303 ttex022:1392 ttex126:1207,,ok,1,tibet7,386 -975 110 55 0,476 -1275 234 40 90,
ttex018,ttex018,world,64x128,portals,tulku,4466075,876,tibet4:1624643 tibet1:1275933 tibet3:1130982 tibet6:304852 tibet7:123904 tibet10:5760,16,65,20,static:0.9,1,2x1,47,0,93,ttex098:11743 ttex089:6272 ttex085:704 ttex153:646 ttex080:512 ttex042:512,ttex021:12968 ttex098:7677 ttex100:6712 ttex088:6655 ttex168:6601 ttex003:6286,,ok,1,tibet4,-523 1724 47 -55 0,-584 1724 44 -40 0,
ttex019,ttex019,world,64x128,portals,tulku,5632086,1694,tibet4:1765646 tibet1:1135481 tibet3:955721 tibet5:670756 tibet6:628802 tibet7:439280 tibet10:36399,13,77,10,door:7.7 mover:1.3 breakable:0.54 static:0.26 button:0.01,1,1.6x0.75,52,0,99,ttex126:6952 ttex140:4288 ttex003:3726 ttex136:3016 ttex135:2920 ttex115:1984,ttex126:23114 ttex068:13143 ttex003:12035 ttex020:10523 ttex016:7566 ttex006:5440,,ok,1,tibet4,-816 2589 222 0 -90,-816 2824 222 0 -90,
ttex020,ttex020,world,64x128,portals,tulku,8137837,2877,tibet7:2519374 tibet1:2001708 tibet6:1970021 tibet3:481805 tibet2:382631 tibet9:354911 tibet10:258304 tibet4:117037 tibet5:52046,47,30,23,door:2.4 mover:1 static:0.47 button:0.15 breakable:0.02,1,2x0.94,61,0,117,rpal300:6656 ttex208:2259 ttex041:1744 ttex032:1504 ttex055:965 ttex200:896,ttex016:30593 ttex126:20109 ttex006:17246 rpal308:16372 ttex372:15825 ttex352:14502,,ok,1,tibet7,-1012 -1697 102 55 0,-1024 -1799 180 55 45,
ttex021,ttex021,world,64x128,portals,tulku,1955129,896,tibet1:766134 tibet3:426223 tibet5:324768 tibet4:313241 tibet6:66816 tibet2:57819 tibet7:128,12,38,50,button:0.68 door:0.08 mover:0.05,1,1.5x0.5,53,6,115,ttex003:1572 ttex100:496 ttex018:352 ttex016:272 rpal243:245 ttex153:194,ttex018:12968 ttex126:8875 ttex016:4605 ttex020:3184 ttex019:3132 rpal239:1856,,ok,1,tibet1,3792 -312 -572 -55 0,3779 -421 -654 -55 45,
ttex022,ttex022,world,64x128,portals,tulku,3303180,1141,tibet6:1715894 tibet7:625200 tibet5:414464 tibet4:340084 tibet2:126087 tibet3:81451,10,28,62,door:2.1 plaque:0.07,1,1,48,4,90,ttex115:5827 ttex126:2555 ttex024:1696 ttex372:645 ttex079:573 ttex146:448,ttex079:22101 ttex126:9437 ttex115:7645 ttex024:6516 ttex085:5713 rpal239:4425,,ok,1,tibet6,-1290 -560 174 -55 0,-1200 -677 135 -55 90,
ttex023,ttex023,world,64x128,portals,tulku,423836,344,tibet6:172395 tibet3:135957 tibet1:115484,3,69,29,,1,0.38x0.75,49,6,91,ttex020:532 ttex088:532 ttex054:240 ttex068:120 ttex022:66,ttex020:6048 ttex022:3072 ttex068:1896 ttex052:1536 ttex019:816 ttex146:768,,ok,1,tibet6,1637 1374 246 -29 -90,1637 1397 232 -30 -90,
ttex024,ttex024,world,256x128,portals,tulku,11069179,1353,tibet1:3666145 tibet7:2827861 tibet6:1483046 tibet3:1365846 tibet4:878448 tibet2:847833,11,57,32,door:0.52 breakable:0.42,1,0.5x1.2,52,3,105,ttex098:2129 ttex022:1696 ttex258:994 ttex255:734 ttex051:640 ttex020:512,ttex230:13843 ttex098:11500 ttex192:7585 ttex022:6516 ttex051:5759 ttex056:4807,,ok,1,tibet1,941 731 49 0 180,988 731 49 0 180,
ttex025,ttex025,world,256x128,portals,tulku,402388,55,tibet6:402388,14,46,40,,1,0.38x1.2,48,1,69,ttex050:208 ttex013:8,ttex012:3397 ttex050:960 ttex048:520 ttex041:360 ttex013:38,,ok,1,tibet6,61 195 -234 -55 0,4 195 -236 -40 0,
ttex026,ttex026,world,64x64,portals,tulku,760196,97,tibet1:417226 tibet2:342970,4,1,95,,1,1.8x2.6,41,12,64,ttex088:624 ttex020:240 ttex016:132 ttex112:128 ttex018:71 rpal241:64,ttex087:3347 ttex043:1856 ttex067:1684 ttex042:1632 ttex016:1216 ttex188:826,,ok,1,tibet1,1480 -419 44 -55 0,1592 -487 -30 -55 135,
ttex027,ttex027,world,64x64,portals,tulku,1481697,146,tibet2:1481697,74,0,25,door:0.69,1,3,45,0,112,ttex098:94 ttex199:64,ttex126:5041 ttex039:3267 ttex012:2272 ttex199:2080 ttex066:2080 ttex139:1738,,ok,1,tibet2,-1910 -1447 129 55 0,-1852 -1688 390 55 90,
ttex028,ttex028,world,64x64,portals,tulku,28672,12,tibet2:28672,0,57,43,,1,1x0.5,77,16,105,,ttex144:512 ttex377:256,,ok,1,tibet2,-191 -704 161 -55 0,-123 -751 95 -55 135,
ttex029,ttex029,world,64x64,portals,tulku,298325,29,tibet6:150074 tibet7:148251,83,5,13,,1,2.2x3.1,59,0,89,ttex088:2084 ttex074:32,ttex088:4618 ttex262:1255 ttex053:920 ttex089:332 ttex003:208 ttex085:176,,ok,1,tibet6,-909 756 343 55 0,-1015 756 377 40 0,
ttex030,ttex030,world,64x64,,,0,0,,,,,,,,,,,,,,unused,,,,,
ttex031,ttex031,world,64x64,portals,tulku,975945,73,tibet7:756297 tibet6:219648,2,98,0,,1,3x2,62,25,105,ttex140:5182 ttex085:4224 ttex207:832,ttex260:3270 ttex016:2541 ttex032:1424 ttex096:1280 ttex263:1032 ttex037:576,,ok,1,tibet7,488 -674 6 0 -90,645 -496 6 0 -120,
ttex032,ttex032,world,64x64,portals,tulku,923912,842,tibet7:911515 tibet3:11437 tibet6:960,12,76,12,,1,0.38x0.75,61,2,112,ttex020:1504 ttex016:1419 ttex019:1167 rpal363:1024 ttex054:648 rpal360:384,ttex054:7920 ttex262:2896 ttex352:2752 ttex260:1872 ttex087:1816 ttex118:1600,,ok,1,tibet7,216 -620 -3 0 -90,307 -602 -3 0 -120,
ttex033,ttex033,world,64x64,portals,tulku,1607270,127,tibet2:1078304 tibet9:528966,100,0,0,,1,3,54,21,87,rpal292:256 rpal293:128,rpal328:7613 ttex004:6787 rpal308:4392 ttex126:1302 ttex068:1112 ttex270:512,,ok,1,tibet2,784 -2624 750 55 0,694 -2624 879 55 0,
ttex035,ttex035,world,16x32,portals,tulku,5434,20,tibet2:5434,14,72,14,door:58 mover:42,1,0.12x5.2,15,0,33,,,,ok,1,tibet2,-2731 -1200 842 -55 0,-2797 -1200 839 -40 0,
ttex037,ttex037,world,16x80,portals,tulku,726043,378,tibet2:543161 tibet7:116173 tibet6:33280 tibet1:20224 tibet3:13205,9,65,26,door:4.6 button:1.7 static:0.86,1,2,45,0,82,ttex004:384 ttex118:320 ttex022:256 ttex085:181 ttex158:160 ttex054:128,ttex004:5184 ttex039:3700 ttex199:3392 ttex089:2976 ttex096:2368 ttex055:2304,,ok,1,tibet2,24 96 30 -55 0,-42 96 27 -40 0,
ttex038,ttex038,world,16x80,portals,tulku,100371,44,tibet10:91072 tibet2:7592 tibet1:1707,0,95,5,,1,1x2,73,24,129,rpal328:1200,ttex004:853 rpal308:416 rpal277:155 ttex175:128 rpal359:64 rpal292:32,,ok,1,tibet10,-56 -31 -978 0 90,17 -90 -978 0 120,
ttex039,ttex039,world,32x128,portals,tulku,621065,209,tibet2:449654 tibet1:148372 tibet7:12800 tibet9:10240,7,89,3,door:4,1,1x1.5,49,0,120,ttex158:1765 ttex085:800 ttex051:768 ttex088:400 ttex086:256 ttex145:256,ttex037:3700 ttex016:3296 ttex020:3277 ttex027:3267 ttex188:2136 ttex072:1856,,ok,1,tibet2,259 -3683 817 0 -90,259 -3636 817 0 -90,
ttex040,ttex040,world,32x32,portals,tulku,2048,2,tibet2:2048,100,0,0,,1,1,12,0,25,ttex039:64 ttex051:32,ttex153:128 ttex085:32,,ok,1,tibet2,-2700 -1712 853 54 0,-2741 -1712 912 55 0,
ttex041,ttex041,world,64x64,portals,tulku,324914,54,tibet6:324914,98,2,0,,1,2x1.5,78,44,123,ttex020:1744 ttex053:608 ttex055:8,ttex126:3028 ttex012:1096 ttex053:1000 ttex087:605 ttex013:512 ttex025:360,,ok,1,tibet6,1258 536 -123 55 0,1312 380 -69 40 90,
ttex042,ttex042,world,64x64,portals,tulku,2858471,392,tibet2:1222583 tibet4:546862 tibet9:536508 tibet3:260808 tibet6:193974 tibet5:82432 tibet7:15305,0,97,3,static:0.7,1,3x1,65,14,124,ttex126:8262 rpal308:5775 ttex054:3136 ttex004:1829 ttex013:1701 ttex153:1354,ttex003:7111 ttex118:6624 ttex068:6496 ttex019:4921 rpal241:4859 ttex053:4800,,ok,1,tibet2,195 -51 360 0 0,-40 -51 360 0 0,
ttex043,ttex043,world,64x64,portals,tulku,750949,142,tibet2:456015 tibet7:233494 tibet9:61440,7,88,5,,1,3x1,56,15,117,ttex126:4455 ttex086:4155 rpal308:1920 ttex052:1664 ttex004:1280 ttex153:1082,ttex005:2923 ttex009:1979 ttex026:1856 ttex144:1536 ttex089:1056 ttex163:1030,,ok,1,tibet2,224 -3875 915 0 -90,224 -3640 915 0 -90,
ttex044,ttex044,world,64x64,portals,tulku,765481,122,tibet3:410088 tibet6:233537 tibet1:74752 tibet7:47104,0,100,0,,1,2.4x1,47,9,80,ttex126:5686 ttex085:1181 ttex122:648 ttex019:640 ttex107:96 ttex004:88,ttex146:2853 ttex126:2830 ttex003:2726 ttex013:1888 ttex046:1472 ttex020:1248,,ok,1,tibet3,-733 901 430 0 137,-584 765 430 0 138,
ttex045,ttex045,world,64x128,portals,tulku,218174,74,tibet6:218174,21,75,4,,1,0.5x1.1,53,0,121,,ttex172:1923 ttex048:1728 ttex042:771 ttex107:768 ttex016:768 ttex079:704,,ok,1,tibet6,61 282 268 -27 0,-60 282 208 -27 0,
ttex046,ttex046,world,64x64,portals,tulku,450667,83,tibet7:336028 tibet1:114639,3,91,6,plaque:1.1,1,1.9x2.1,25,13,45,ttex137:64,ttex263:4890 ttex059:1885 ttex013:1781 ttex044:1472 ttex211:1232 ttex168:842,,ok,1,tibet7,-3027 3423 270 0 135,-3039 3316 270 0 105,
ttex048,ttex048,world,64x64,portals,tulku,2399764,1251,tibet9:643891 tibet2:521570 tibet6:441581 tibet1:428693 tibet4:319587 tibet3:20480 tibet7:14746 tibet10:9216,14,55,31,door:3.8 breakable:2.7 static:0.69 mover:0.38 button:0.09,1,1.2x1,52,0,123,ttex126:1759 ttex003:832 ttex057:592 ttex211:448 ttex153:366 rpal332:288,ttex061:5791 ttex012:3719 ttex135:3510 ttex126:3326 rpal308:2883 sky001~6566:2848,,ok,1,tibet9,-952 566 181 55 1,-884 519 247 55 135,
ttex049,ttex049,world,64x64,portals,tulku,245670,85,tibet2:188940 tibet6:56730,21,47,32,static:3.3,1,1.5x1,55,0,131,ttex140:427,ttex142:1193 ttex042:1110 ttex172:854 ttex016:738 rpal240:720 ttex098:574,,ok,1,tibet2,-755 -3192 1016 6 -180,-521 -3192 1040 6 -180,
ttex050,ttex050,world,64x64,portals,tulku,611244,59,tibet6:584620 tibet9:26624,98,0,2,,1,2.5x2.2,69,30,116,ttex025:208,ttex012:4129 ttex053:1792 ttex025:960 ttex051:896 ttex373:832 ttex063:608,,ok,1,tibet6,959 -232 -114 55 0,893 -232 -111 40 0,
ttex051,ttex051,world,64x128,portals,tulku,3968560,1082,tibet1:841213 tibet5:823040 tibet2:752122 tibet4:658344 tibet6:529413 tibet3:364428,18,41,42,breakable:6.8 door:3.2 static:0.5 mover:0.04,1,1.5x1.1,53,7,95,rpal239:904 ttex039:768 rpal243:688 ttex096:672 ttex024:640 ttex249:557,ttex126:10863 ttex024:5759 rpal239:5284 ttex019:4797 ttex020:4426 rpal243:4081,,ok,1,tibet1,1323 -2048 -50 -55 0,1330 -2131 -89 -55 45,
ttex052,ttex052,world,64x128,portals,tulku,3179755,672,tibet6:1310641 tibet4:1081575 tibet2:535097 tibet3:125831 tibet7:63616 tibet5:54804 tibet9:8192,9,37,55,mover:33 breakable:2.2 plaque:1.2 door:1.2 button:0.1,1,2x0.94,53,0,101,ttex043:1664 ttex382:1024 ttex153:803 ttex079:653 ttex126:336 ttex098:288,ttex126:6352 ttex012:4823 ttex085:4224 ttex003:4071 ttex065:3854 ttex107:3653,,ok,1,tibet6,-1206 656 253 -55 0,-1235 573 163 -55 45,
ttex053,ttex053,world,64x64,portals,tulku,2917126,1559,tibet8:1931590 tibet6:639519 tibet2:187303 tibet9:153594 tibet3:5120,19,55,26,door:6.6 mover:2.1 static:1.7 breakable:0.43 button:0.11,1,1.1x1,71,0,150,ttex066:1440 ttex041:608 rpal328:320 ttex002:256 rpal239:256 rpal292:256,rpal308:26534 ttex055:8259 ttex012:6560 sky001~6566:6505 ttex114:6400 rpal329:5440,,ok,1,tibet8,-232 -311 341 40 -90,-232 -311 341 40 -90,
ttex054,ttex054,world,64x128,portals,tulku,7229050,751,tibet7:3985373 tibet3:969480 tibet6:913548 tibet8:528937 tibet2:501984 tibet9:329728,0,100,0,door:1.1 static:0.24 breakable:0.04,1,2.5x0.94,56,15,95,ttex085:7128 ttex042:3136 ttex228:1280 ttex001:1040 ttex004:1008 ttex269:936,ttex068:10885 ttex059:10470 ttex003:9216 ttex020:8884 ttex260:8148 ttex032:7920,,ok,1,tibet7,824 469 148 0 180,925 469 148 0 180,
ttex055,ttex055,world,32x16,portals,tulku,319991,210,tibet2:154544 tibet6:120269 tibet9:30842 tibet8:14336,0,83,17,breakable:7.7 mover:3.7,1,4x1,63,0,164,ttex020:965 rpal359:832 sky001~6566:736 ttex085:256 ttex170:140 ttex113:128,ttex053:8259 ttex062:6842 ttex146:4323 ttex020:3151 ttex037:2304 ttex013:1299,,ok,1,tibet2,208 -3825 1099 0 -90,208 -3604 966 -25 -90,
ttex056,ttex056,world,64x64,portals,tulku,1193840,119,tibet3:522006 tibet4:405979 tibet6:265856,92,3,4,static:12,1,3.2x2.2,53,24,101,rpal238:3093 ttex103:1312 ttex016:1152 ttex099:510,ttex024:4807 ttex089:1867 ttex042:1776 ttex115:1184 ttex088:768 ttex112:760,,ok,1,tibet3,-2276 433 43 55 0,-2222 277 97 40 90,
ttex057,ttex057,world,32x16,portals,tulku,228140,108,tibet7:84405 tibet6:49600 tibet3:44215 tibet2:39424 tibet1:10496,5,95,0,,1,5x1,50,5,101,ttex153:955 ttex122:762 ttex048:592 ttex098:459 ttex152:256 ttex013:64,ttex351:15398 ttex020:6414 ttex105:4224 rpal308:1483 ttex088:720 ttex003:608,,ok,1,tibet7,-2865 2877 -18 0 90,-2671 2832 -18 0 150,
ttex059,ttex059,world,64x64,portals,tulku,3206784,429,tibet7:1742675 tibet6:726400 tibet1:567664 tibet2:153917 tibet3:16128,2,43,54,door:0.82,1,3.5x3,42,0,90,ttex085:1760 ttex016:1263 ttex096:672 ttex068:576 ttex133:160 ttex088:139,ttex054:10470 ttex012:3040 ttex016:2859 ttex088:2569 ttex087:2258 ttex114:2211,,ok,1,tibet7,636 -1501 142 -55 0,546 -1501 13 -55 0,
ttex060,ttex060,world,64x64,,,0,0,,,,,,,,,,,,,,unused,,,,,
ttex061,ttex061,world,64x64,portals,tulku,250368,31,tibet2:250368,0,0,100,,1,1x3.2,43,14,90,,ttex048:5791 ttex037:2240 ttex054:832 ttex085:347,,ok,1,tibet2,906 -400 897 -55 0,877 -483 807 -55 45,
ttex062,ttex062,world,64x64,portals,tulku,248149,102,tibet2:162133 tibet9:86016,30,27,43,door:18 breakable:17,1,2x1.5,81,0,144,,ttex055:6842 rpal359:3776 rpal308:640 rpal293:414 ttex065:256 ttex048:256,,ok,1,tibet2,49 -3906 958 -55 0,-40 -3906 829 -55 0,
ttex063,ttex063,world,64x64,portals,tulku,272544,38,tibet1:171168 tibet6:53760 tibet3:39936 tibet4:7680,0,100,0,,1,3x1,62,22,97,ttex085:2400 ttex098:132 ttex089:128 ttex048:64 ttex053:16,ttex089:2880 ttex087:2432 ttex053:640 ttex050:608 ttex059:256 ttex052:256,,ok,1,tibet1,1453 -2176 -226 0 180,1500 -2176 -226 0 180,
ttex064,ttex064,world,64x128,portals,tulku,33921,4,tibet3:33921,0,100,0,,1,1x0.94,44,24,62,ttex054:464 ttex126:72,ttex054:480 ttex003:287 ttex126:151 ttex019:64,,ok,1,tibet3,-489 -77 134 0 122,-462 -119 134 0 122,
ttex065,ttex065,world,64x32,portals,tulku,200499,137,tibet6:76408 tibet2:59264 tibet7:52027 tibet1:6400 tibet3:6400,0,99,1,,1,1x0.78,62,0,167,ttex126:3016 ttex066:896 ttex114:512 ttex085:256 ttex039:200 ttex146:160,ttex052:3854 ttex260:1392 ttex146:1116 ttex156:1024 ttex018:837 ttex088:760,,ok,1,tibet6,-830 637 256 0 0,-1075 833 256 0 -30,
ttex066,ttex066,world,32x16,portals,tulku,228590,164,tibet2:90323 tibet4:62976 tibet8:24576 tibet7:22043 tibet1:18432 tibet6:7168 tibet3:3072,0,94,6,button:1.3,1,5.2x1,60,0,124,ttex126:4320 ttex053:1440 ttex065:896 ttex020:80 ttex088:32 ttex016:11,ttex126:3376 ttex052:2176 ttex005:2142 ttex027:2080 ttex067:1920 ttex003:1728,,ok,1,tibet2,-605 -54 7 0 0,-762 -54 7 0 0,
ttex067,ttex067,world,64x64,portals,tulku,545200,136,tibet2:527344 tibet7:13056 tibet4:4800,4,21,75,door:19 mover:0.88,1,2.9x2.8,44,0,74,ttex118:832 ttex145:256,ttex153:2016 ttex066:1920 ttex026:1684 ttex199:1307 ttex373:917 ttex039:400,,ok,1,tibet2,438 -688 14 -55 0,384 -688 -64 -55 0,
ttex068,ttex068,world,64x64,portals,tulku,8142405,817,tibet3:3672803 tibet4:1779056 tibet2:1584171 tibet7:971719 tibet1:134656,1,5,95,mover:0.83 door:0.01,1,2.5x2.6,70,26,111,ttex004:2144 ttex153:1152 ttex059:576 ttex019:576 ttex069:429 ttex088:402,ttex107:30215 ttex126:24315 ttex079:14691 ttex019:13143 ttex054:10885 ttex004:8562,,ok,1,tibet3,-394 890 747 -55 -1,-358 589 546 -40 90,
ttex069,ttex069,world,64x64,portals,tulku,657353,95,tibet7:357368 tibet2:219089 tibet8:80896,67,30,3,,1,2x1.8,41,10,73,ttex068:429 ttex017:128,ttex074:3661 ttex271:1664 ttex027:1529 ttex024:1253 ttex022:1148 ttex089:1136,,ok,1,tibet7,1715 502 326 55 0,1625 502 455 55 0,
ttex070,ttex070,world,64x64,portals,tulku,1243408,130,tibet1:1144516 tibet9:98304 tibet7:588,91,1,8,,1,2x2.5,65,32,96,rpal317:768 ttex013:557 ttex019:77,ttex088:6620 ttex264:3776 ttex262:2029 ttex227:1600 rpal308:960 ttex016:896,,ok,1,tibet1,1483 -353 30 55 0,1490 -436 69 55 45,
ttex071,ttex071,world,64x64,portals,tulku,493857,108,tibet2:309537 tibet9:184320,36,28,36,breakable:100,1,2,75,0,241,,,,ok,1,tibet2,105 -3840 983 -55 0,22 -3840 863 -55 0,
ttex072,ttex072,world,64x64,portals,tulku,1164750,112,tibet2:1164750,97,3,0,,1,2.5x2.8,69,24,113,ttex088:3045 ttex112:144 ttex100:128 ttex118:16,ttex118:7073 ttex039:1856 ttex115:1568 ttex037:1376 ttex020:850 ttex085:347,,ok,1,tibet2,-88 -1933 862 55 0,-118 -2019 955 55 45,
ttex073,ttex073,world,64x64,portals,tulku,48817,19,tibet7:48817,21,79,0,,1,3x0.62,5,0,21,ttex118:40 rpal359:16 ttex140:16 ttex068:13 ttex088:8,#lowlight~ab4c:960 ttex192:376 ttex031:368 rpal358:368 ttex032:344 ttex020:336,,ok,1,tibet7,288 -694 106 0 -90,21 -614 106 0 -30,
ttex074,ttex074,world,64x64,portals,tulku,318496,97,tibet7:230316 tibet6:88179,41,42,17,,1,1.8x1,68,12,115,#lowlight~ab4c:105 ttex016:48 ttex029:32 ttex022:16,ttex069:3661 ttex089:2482 ttex179:1886 ttex053:938 ttex098:888 ttex056:704,,ok,1,tibet7,1753 700 269 55 0,1715 700 324 55 0,
ttex075,ttex075,world,32x16,portals,tulku,1600,1,tibet8:1600,0,100,0,,1,6.2x0.5,140,140,140,,ttex005:400 rpal308:16,,ok,2,tibet8,-1151 -762 -6 0 -150,-1078 -720 -6 0 -150,
ttex078,ttex078,world,64x32,portals,tulku,5694,3,tibet3:4096 tibet4:1598,36,64,0,,1,1,65,46,80,ttex054:192 ttex003:192 ttex018:48,ttex018:128,,ok,1,tibet3,-2224 1280 414 0 -90,-2224 1352 414 0 -90,
ttex079,ttex079,world,64x64,portals,tulku,1323796,787,tibet6:730362 tibet3:362302 tibet2:128000 tibet5:46821 tibet1:30910 tibet4:25401,8,49,43,breakable:9.7,1,0.25x2.4,52,1,95,ttex052:653 ttex022:573 ttex107:160 ttex096:136 ttex112:128 sky001~6566:23,ttex022:22101 ttex068:14691 ttex124:7118 ttex051:4001 ttex052:2226 ttex054:1622,,ok,1,tibet6,-925 1000 294 -55 0,-993 882 127 -55 45,
ttex080,ttex080,world,80x128,portals,tulku,294158,35,tibet10:115200 tibet4:44352 tibet1:42446 tibet6:40960 tibet3:20480 tibet8:20480 tibet5:10240,0,100,0,door:7 mover:4.4,1,1,60,34,102,ttex018:512 ttex085:160 ttex087:160,rpal312:3120 ttex089:1893 ttex020:1216 ttex053:832 ttex052:416 ttex126:336,,ok,1,tibet10,-598 196 -1026 0 0,-800 196 -1026 0 0,
ttex085,ttex085,world,128x32,portals,tulku,1797818,485,tibet6:569632 tibet2:541303 tibet1:307602 tibet3:163547 tibet7:144896 tibet4:66742 tibet8:4096,3,95,3,static:1.5,1,1.5x1,58,5,123,ttex054:7128 ttex153:5743 ttex031:4224 ttex126:4193 ttex199:3584 ttex063:2400,ttex012:8273 ttex022:5713 ttex088:5461 ttex052:4224 ttex003:3970 ttex051:3840,,ok,1,tibet6,384 977 417 0 -60,359 1021 417 0 -60,
ttex086,ttex086,world,128x80,portals,tulku,276317,48,tibet1:89004 tibet7:66481 tibet4:59392 tibet3:20480 tibet5:20480 tibet2:10240 tibet6:10240,0,100,0,door:3.7,1,1,68,34,99,ttex043:4155 ttex158:960 ttex003:857 ttex153:832 ttex039:256,ttex089:1472 ttex087:832 ttex013:832 ttex020:729 ttex153:544 ttex048:416,,ok,1,tibet1,1584 350 22 0 90,1584 216 22 0 90,
ttex087,ttex087,world,64x32,portals,tulku,1167249,467,tibet1:570691 tibet7:443293 tibet6:79078 tibet3:50868 tibet2:23317,14,27,60,plaque:0.44,1,3x1.8,45,0,98,ttex085:1792 ttex016:504 ttex114:256 ttex088:256 ttex080:160 ttex065:128,ttex068:5152 ttex054:5024 ttex020:4193 ttex188:4052 ttex026:3347 ttex085:2912,,ok,1,tibet1,-854 -43 270 -40 0,-854 -43 270 -40 0,
ttex088,ttex088,world,64x16,portals,tulku,1054606,526,tibet7:376358 tibet6:259739 tibet2:190331 tibet1:187499 tibet3:19712 tibet4:15591 tibet9:5376,22,72,6,door:3.4 breakable:2.4 plaque:0.58,1,2.6x1,57,6,105,ttex072:3045 ttex029:2084 ttex262:2033 ttex003:1749 ttex115:1600 ttex004:909,ttex020:12839 ttex017:8332 ttex018:6655 ttex070:6620 ttex009:5967 ttex085:5461,,ok,1,tibet7,434 -1687 292 0 -45,267 -1520 292 0 -45,
ttex089,ttex089,world,64x64,portals,tulku,2443281,1316,tibet4:824421 tibet6:467441 tibet2:356032 tibet5:315453 tibet3:190120 tibet7:154147 tibet1:135667,12,59,29,breakable:3.7 plaque:1 mover:0.21 door:0.05,1,1.2x1.4,54,11,96,ttex018:6272 ttex098:2202 ttex153:1600 ttex019:1020 rpal246:896 rpal243:538,ttex126:6931 ttex153:4307 ttex018:4056 ttex107:3904 ttex019:3742 ttex051:3381,,ok,1,tibet4,-870 2506 -95 0 90,-870 2506 -95 0 90,
ttex090,ttex090,world,16x48,portals,tulku,50944,77,tibet4:27136 tibet3:23808,1,99,0,,1,1,51,7,109,ttex158:896 ttex126:96 ttex057:32,ttex126:1088 ttex003:688 ttex020:608 ttex089:528 ttex117:256 ttex037:224,,ok,1,tibet4,730 -98 8 0 -151,792 -62 8 0 -150,
ttex096,ttex096,world,32x128,portals,tulku,1018528,229,tibet7:304160 tibet1:176064 tibet3:174784 tibet2:147968 tibet4:139264 tibet6:40960 tibet5:35328,1,99,0,door:4.7,1,1,57,0,110,ttex207:1008 ttex085:797 ttex118:768 ttex059:672 ttex051:672 ttex089:368,ttex068:5888 ttex037:2368 ttex188:1920 ttex126:1539 ttex022:1536 ttex051:1408,,ok,1,tibet7,486 -749 -9 0 0,268 -749 -9 0 0,
ttex097,ttex097,world,128x128,portals,tulku,699904,152,tibet5:173056 tibet6:167936 tibet7:119808 tibet3:67072 tibet4:57344 tibet9:49152 tibet2:32768 tibet8:32768,4,91,4,door:86,1,0.5x1,45,0,86,ttex126:384,ttex052:2432 ttex039:1536 ttex226:1536 ttex019:1480 ttex022:1152 rpal366:1024,,ok,1,tibet5,1504 3502 78 0 90,1504 3368 78 0 90,
ttex098,ttex098,world,256x128,portals,tulku,30449711,3365,tibet1:8937817 tibet2:6876103 tibet4:6816853 tibet3:3289007 tibet6:2756575 tibet7:1773356,16,77,7,breakable:1.5,1,0.5x1.1,58,0,115,ttex018:11743 ttex256:3069 ttex089:2202 ttex024:2129 sky001~6566:1390 ttex152:1112,sky001~6566:78981 ttex100:15132 ttex024:11500 ttex168:8546 ttex018:7677 ttex255:6681,,ok,1,tibet1,2233 896 22 0 100,2071 682 22 0 70,
ttex099,ttex099,world,64x64,portals,tulku,31625,11,tibet3:21641 tibet4:9984,100,0,0,,1,0.75x2.4,60,47,74,ttex056:510 ttex100:448,ttex024:234 ttex112:112 ttex052:108 ttex089:48,,ok,1,tibet3,-2036 -860 87 55 0,-2058 -860 118 55 0,
ttex100,ttex100,world,64x64,portals,tulku,4588741,344,tibet3:1381853 tibet4:1376924 tibet2:1097193 tibet6:732770,98,0,2,,1,3x2.9,67,25,104,ttex103:1136 ttex021:496 ttex099:448 ttex218:224 ttex072:128 ttex124:128,ttex098:15132 ttex018:6712 ttex153:5917 ttex170:3525 ttex172:2087 sky001~6566:1744,,ok,1,tibet3,-1763 -832 114 55 0,-1902 -832 313 55 0,
ttex101,ttex101,world,64x64,portals,tulku,258048,98,tibet8:258048,35,31,35,breakable:100,1,2x0.5,52,0,136,,,,ok,1,tibet8,146 -768 52 -55 0,121 -839 -25 -55 45,
ttex103,ttex103,world,64x64,portals,tulku,83456,16,tibet4:75264 tibet6:8192,100,0,0,,1,1x2.2,58,27,104,ttex056:1312 ttex100:1136 ttex016:128,ttex089:448 ttex112:352 ttex115:160 ttex042:144 ttex018:96 ttex016:64,,ok,1,tibet4,-871 -285 5 55 0,-718 -172 179 55 -135,
ttex105,ttex105,world,64x64,portals,tulku,63488,18,tibet2:63488,100,0,0,,1,3.5x0.5,29,10,55,,ttex057:4224 ttex138:192 ttex373:128 ttex119:64,,ok,1,tibet2,342 -464 62 55 0,315 -464 101 55 0,
ttex107,ttex107,world,64x64,portals,tulku,3080808,423,tibet3:1098268 tibet4:676677 tibet7:504980 tibet1:238741 tibet5:195970 tibet6:194140 tibet9:172032,1,86,13,,1,1x3.2,62,24,100,ttex126:9986 ttex227:3351 rpal308:2688 rpal358:768 ttex079:160 ttex158:128,ttex068:30215 ttex126:12261 ttex016:7276 ttex264:4660 ttex118:4301 ttex089:3904,,ok,1,tibet3,-1937 2598 21 -37 90,-1937 2559 -9 -37 90,
ttex108,ttex108,world,32x32,portals,tulku,122266,31,tibet2:107520 tibet7:14746,0,100,0,,1,7x1,52,26,85,ttex118:2944 ttex054:672 ttex022:435 ttex153:336,ttex112:2464 ttex192:394 ttex022:256 ttex059:192 ttex027:112 ttex048:64,,ok,1,tibet2,1123 -653 865 0 0,888 -653 865 0 0,
ttex109,ttex109,world,32x32,portals,tulku,30720,4,tibet6:30720,0,100,0,,1,3x4,34,23,46,,ttex107:572 ttex100:384 ttex153:384 ttex089:181,,ok,1,tibet6,1638 1824 198 0 0,1549 1824 198 0 0,
ttex111,ttex111,world,32x32,portals,tulku,126592,44,tibet3:122496 tibet6:4096,0,100,0,,1,5.2x1,60,29,108,ttex126:3240 ttex054:248 ttex115:32,ttex003:4008 ttex005:256 ttex021:228 ttex126:184 ttex068:128 ttex124:112,,ok,1,tibet3,-1661 2466 -2 0 -90,-1864 2656 -2 0 -60,
ttex112,ttex112,world,32x32,portals,tulku,913103,144,tibet2:587556 tibet3:146859 tibet6:96768 tibet4:80896 tibet8:1024,46,38,16,,1,4x2,54,21,107,ttex126:4235 ttex227:320 ttex132:216 ttex072:144 ttex026:128 ttex079:128,ttex003:7073 ttex013:3728 ttex118:3319 ttex054:2648 ttex108:2464 ttex115:1472,,ok,1,tibet2,800 -1009 955 55 90,800 -1009 955 55 90,
ttex113,ttex113,world,32x32,portals,tulku,581243,154,tibet1:343396 tibet6:142946 tibet8:94901,22,75,3,,1,6x1,35,0,69,ttex172:4467 ttex085:992 ttex149:584 ttex177:560 ttex018:320 ttex055:128,ttex172:3741 ttex018:2928 ttex053:1755 ttex051:1594 ttex098:1128 rpal308:1104,,ok,1,tibet1,-643 -240 301 55 0,-643 -240 301 55 0,
ttex114,ttex114,world,32x32,portals,tulku,788239,251,tibet7:348879 tibet6:141696 tibet3:138560 tibet2:94592 tibet9:64512,1,99,0,,1,6x1,89,29,164,ttex126:8518 ttex118:4057 sky001~6566:672 ttex065:512 ttex096:256 ttex087:256,ttex053:6400 ttex020:4340 ttex068:4336 ttex016:2774 ttex052:2336 ttex262:2251,,ok,1,tibet7,479 -1303 142 0 45,368 -1414 142 0 45,
ttex115,ttex115,world,32x32,portals,tulku,1036769,394,tibet7:294240 tibet2:239834 tibet4:222986 tibet3:132450 tibet6:103231 tibet1:38722 tibet5:5306,20,71,9,,1,4.5x1,46,4,82,ttex022:5827 ttex126:2800 ttex019:1984 ttex088:1600 ttex118:352 ttex260:288,ttex022:7645 ttex020:6100 ttex117:4928 ttex003:3654 ttex118:3635 ttex161:3508,,ok,1,tibet7,355 156 -50 0 0,120 156 -50 0 0,
ttex116,ttex116,world,32x32,portals,tulku,157785,42,tibet5:123673 tibet3:25920 tibet9:8192,0,100,0,door:5.2,1,4.5x1,32,0,73,ttex126:2110 ttex122:648 ttex013:256,ttex003:2482 ttex013:1696 ttex349:1632 rpal293:640 ttex100:496 ttex089:176,,ok,1,tibet5,2101 -357 -167 0 90,2101 -514 -167 0 90,
ttex117,ttex117,world,32x32,portals,tulku,261441,83,tibet4:133953 tibet2:77312 tibet3:24576 tibet1:18432 tibet8:6144 tibet7:1024,14,70,16,,1,4x1,84,36,172,ttex126:5764 ttex134:256 ttex203:192 ttex115:91 ttex020:64,ttex115:4928 ttex003:2400 ttex168:1152 ttex020:1152 rpal308:320 ttex037:256,,ok,1,tibet4,829 -10 -5 0 180,986 -10 -5 0 180,
ttex118,ttex118,world,64x64,portals,tulku,2333395,223,tibet2:1367975 tibet7:709362 tibet3:256057,0,93,7,door:0.66,1,2.7x2,54,17,85,ttex114:4057 ttex108:2944 ttex042:1120 ttex067:832 ttex096:768 ttex115:352,ttex072:7073 ttex042:6624 ttex020:5169 ttex107:4301 ttex115:3635 ttex112:3319,,ok,1,tibet2,596 -1213 822 -7 180,604 -1038 808 -7 -120,
ttex119,ttex119,world,32x32,portals,tulku,171824,57,tibet6:77616 tibet3:52224 tibet4:30720 tibet2:11264,0,100,0,,1,3x1,48,0,104,ttex153:384 ttex018:208 ttex042:192 ttex122:176 ttex020:144 ttex089:128,ttex048:1786 ttex146:1786 ttex003:1280 ttex089:1024 ttex016:768 ttex068:384,,ok,1,tibet6,1296 98 -64 0 0,1044 98 -64 0 0,
ttex121,ttex121,world,64x64,portals,tulku,16384,2,tibet2:16384,0,100,0,,1,2x1,44,13,75,,ttex153:768,,ok,1,tibet2,-1318 -2768 846 0 180,-1214 -2656 846 0 -150,
ttex122,ttex122,world,64x64,portals,tulku,511928,67,tibet3:265966 tibet4:121984 tibet1:85578 tibet2:38400,0,100,0,,1,3x0.9,60,0,106,ttex153:5389 ttex220:1067 ttex218:1049 ttex057:762 ttex044:648 ttex116:648,ttex168:4608 ttex223:777 ttex167:768 ttex124:762 ttex211:760 ttex153:481,,ok,1,tibet3,-1828 1522 59 0 0,-2158 1522 59 0 0,
ttex123,ttex123,world,64x64,portals,tulku,91136,9,tibet3:36864 tibet1:32768 tibet2:21504,0,100,0,,1,2.9x1,71,17,123,ttex153:384,ttex089:1312 ttex124:512 ttex168:512 ttex153:416 ttex142:192,,ok,1,tibet3,-2080 1627 282 0 90,-2080 1392 282 0 90,
ttex124,ttex124,world,64x64,portals,tulku,509595,122,tibet6:326472 tibet4:65376 tibet1:45863 tibet5:35215 tibet3:24382 tibet2:12288,9,26,65,mover:2.4 static:2.3,1,2,35,9,64,ttex022:208 rpal241:128 ttex100:128 ttex126:32 rpal243:16,ttex079:7118 ttex003:6772 ttex126:4535 ttex019:1692 ttex167:825 ttex114:816,,ok,1,tibet6,409 1229 340 -55 0,382 1229 301 -55 0,
ttex126,ttex126,world,64x64,portals,tulku,19366189,2856,tibet5:6476594 tibet3:4069862 tibet2:3894846 tibet6:2820068 tibet4:1548446 tibet7:556373,1,96,3,door:0.73 mover:0.25,1,2.2x2,61,15,102,ttex107:9986 ttex013:9092 ttex114:8518 ttex042:8262 ttex372:6963 ttex019:6952,ttex003:48817 ttex068:24315 ttex019:23114 ttex020:20109 ttex349:18305 ttex013:17763,,ok,1,tibet5,1904 213 -82 0 -90,1904 448 -82 0 -90,
ttex130,ttex130,world,64x64,,,0,0,,,,,,,,,,,,,,unused,,,,,
ttex132,ttex132,world,64x64,portals,tulku,34816,11,tibet6:34816,0,100,0,,1,2.8x0.25,35,11,53,ttex112:216,ttex020:2400 ttex163:544 ttex002:328 ttex018:256 ttex098:128,,ok,1,tibet6,-2478 290 104 1 -1,-2574 290 104 0 0,
ttex133,ttex133,world,64x128,portals,tulku,222066,33,tibet8:122880 tibet1:46962 tibet6:28672 tibet3:15360 tibet9:8192,0,100,0,door:13,1,1,68,42,95,ttex136:313 ttex059:160 rpal308:128 ttex053:96,ttex053:2464 ttex020:1504 ttex134:896 rpal308:832 ttex054:512 ttex059:480,,ok,1,tibet8,-491 -694 -53 0 90,-432 -741 -53 0 120,
ttex134,ttex134,world,16x128,portals,tulku,243906,131,tibet8:142412 tibet7:31159 tibet1:28672 tibet9:22784 tibet2:18880,2,88,10,,1,1.5x1,47,0,90,rpal308:1616 ttex117:256 ttex136:224 rpal311:192 rpal363:16,rpal308:2096 sky001~6566:1783 ttex199:1180 +0rtex4:1180 ttex113:896 ttex133:896,,ok,1,tibet8,160 85 76 0 -90,160 179 76 0 -90,
ttex135,ttex135,world,32x32,portals,tulku,181992,50,tibet4:94972 tibet3:69632 tibet1:17388,0,100,0,,1,6x1,58,29,90,ttex019:2920 ttex126:2240 ttex089:72 ttex020:32,ttex048:3510 ttex068:2112 ttex211:545 ttex079:256 ttex113:192 ttex098:64,,ok,1,tibet4,-725 2536 125 0 -90,-725 2788 125 0 -90,
ttex136,ttex136,world,64x32,portals,tulku,206328,112,tibet4:97532 tibet1:79358 tibet8:15486 tibet7:7040 tibet6:4864 tibet2:2048,2,97,1,button:0.99,1,1.5x1,58,7,111,ttex019:3016 ttex133:313 ttex220:284 ttex134:224 ttex020:143 ttex089:136,ttex003:2952 ttex053:1618 ttex013:1216 ttex048:993 ttex088:832 ttex016:832,,ok,1,tibet4,-1123 2979 27 0 90,-1123 2744 27 0 90,
ttex137,ttex137,world,64x64,portals,tulku,24405,18,tibet2:15701 tibet1:8704,27,64,8,door:27,1,1x0.75,61,0,146,ttex215:277 ttex046:64,ttex149:864 ttex098:264 ttex062:213 ttex037:128,,ok,1,tibet2,-112 -2800 1070 0 0,-184 -2800 1070 0 0,
ttex138,ttex138,world,64x64,portals,tulku,256526,59,tibet2:256526,6,94,0,door:8.1,1,1.5,55,16,86,ttex373:1424 ttex153:1195 ttex142:128 ttex039:96 ttex057:32,ttex145:1584 ttex255:1235 ttex199:512 ttex373:448 ttex027:384 ttex146:256,,ok,1,tibet2,323 -705 -76 0 -90,449 -551 -76 0 -120,
ttex139,ttex139,world,32x32,portals,tulku,13018,9,tibet2:13018,0,100,0,,1,0.5x7,60,27,91,,ttex027:1738 ttex098:397 ttex042:16 ttex126:8,,ok,1,tibet2,-1664 -947 40 0 -90,-1664 -712 40 0 -90,
ttex140,ttex140,world,32x32,portals,tulku,711199,160,tibet7:451227 tibet1:142656 tibet5:71465 tibet2:38811 tibet3:7040,26,74,1,door:0.9,1,1x7,45,0,97,ttex031:5182 ttex019:4288 ttex012:4168 ttex126:2217 ttex122:640 ttex049:427,ttex016:7893 ttex260:2270 rpal239:2233 ttex201:896 ttex096:416 #lowlight~ab4c:384,,ok,1,tibet7,99 -285 124 0 90,99 -520 124 0 90,
ttex141,ttex141,world,32x32,portals,tulku,112205,38,tibet2:67584 tibet3:44621,0,100,0,,1,1x4.5,102,10,154,ttex085:1024 ttex016:576,ttex037:2112 ttex016:1216 ttex146:1088 ttex021:256,,ok,1,tibet2,-11 -166 219 0 90,165 -174 219 0 150,
ttex142,ttex142,world,32x16,portals,tulku,141623,75,tibet5:103590 tibet2:38033,7,85,9,,1,1x5.4,57,2,106,ttex262:1245 ttex153:288 ttex374:272 ttex138:128 ttex126:48 rpal244:32,ttex089:2534 ttex049:1193 ttex003:1192 ttex019:902 ttex146:864 ttex153:288,,ok,1,tibet5,-13 870 1 0 90,-13 736 1 0 90,
ttex143,ttex143,world,64x64,,,0,0,,,,,,,,,,,,,,unused,,,,,
ttex144,ttex144,world,64x64,portals,tulku,152440,13,tibet2:131072 tibet1:21368,14,0,86,breakable:14,1,2.5x2,100,59,115,,ttex043:1536 ttex088:532 ttex028:512,,ok,1,tibet2,-137 -832 129 -55 0,-263 -832 -51 -55 0,
ttex145,ttex145,world,64x64,portals,tulku,592768,48,tibet2:592768,67,0,33,,1,3x2.5,61,35,89,ttex039:256 ttex067:256 ttex068:256,ttex158:1664 ttex138:1584 ttex199:1408 ttex055:768 ttex037:576 ttex057:448,,ok,1,tibet2,686 -583 -37 55 0,500 -583 88 40 0,
ttex146,ttex146,world,64x64,portals,tulku,2698399,294,tibet6:1750558 tibet2:870745 tibet7:77096,40,8,52,static:6.4 breakable:0.66,1,3x2,81,27,136,ttex018:501 ttex022:448 ttex001:288 ttex013:181 ttex065:160 ttex006:56,ttex126:6509 ttex227:4608 ttex153:4576 ttex055:4323 ttex044:2853 ttex020:2346,,ok,1,tibet6,1268 3 -183 -55 0,1240 3 -223 -55 0,
ttex149,ttex149,world,64x64,portals,tulku,321459,99,tibet6:265971 tibet1:55488,19,80,1,door:9.6,1,1x2.1,57,10,106,ttex113:584 ttex167:96,ttex172:3320 ttex098:1430 ttex113:942 ttex137:864 ttex100:592 ttex163:552,,ok,1,tibet6,-2819 527 161 0 -148,-2690 607 161 0 -148,
ttex150,ttex150,world,128x128,,,0,0,,,,,,,,,,,,,,unused,,,,,
ttex151,ttex151,world,128x128,,,0,0,,,,,,,,,,,,,,unused,,,,,
ttex152,ttex152,world,128x128,portals,tulku,150385,17,tibet4:85873 tibet3:64512,0,100,0,,1,1,62,23,123,ttex098:1112 ttex153:592 ttex042:362 ttex057:256 ttex020:216 ttex013:208,ttex098:640 ttex024:364 ttex223:352 ttex100:256 ttex013:256 ttex208:240,,ok,1,tibet4,-573 1146 254 0 -90,-573 1280 254 0 -90,
ttex153,ttex153,world,64x64,portals,tulku,4225534,696,tibet2:2043095 tibet3:831855 tibet4:734467 tibet1:440509 tibet6:175608,4,94,2,mover:0.68 door:0.08,1,2.2x2,66,20,111,ttex085:5743 ttex122:5389 ttex089:1600 ttex220:1361 ttex042:1354 ttex004:1352,ttex098:6282 ttex100:5917 ttex146:4576 ttex089:4307 ttex003:3912 ttex018:3827,,ok,1,tibet2,-1240 -2501 823 0 0,-1492 -2501 823 0 0,
ttex154,ttex154,world,64x64,portals,tulku,8448,4,tibet2:8448,0,0,100,,1,0.38x0.5,24,11,36,,ttex085:448 ttex037:256,,ok,1,tibet2,-1315 -2723 892 -55 0,-1351 -2723 841 -55 0,
ttex156,ttex156,world,64x64,portals,tulku,258304,19,tibet2:258304,0,0,100,,1,3.5x3,21,8,50,,ttex115:1536 ttex065:1024 ttex066:768 ttex118:664 ttex285:640 ttex039:256,,ok,1,tibet2,163 -1349 750 -55 0,136 -1349 711 -55 0,
ttex158,ttex158,world,64x128,portals,tulku,775679,132,tibet1:522975 tibet2:106496 tibet3:67488 tibet4:48384 tibet5:20480 tibet8:9856,0,100,0,,1,1x1.3,67,22,100,ttex003:6768 ttex039:1765 ttex199:1664 ttex086:960 ttex126:921 ttex090:896,ttex020:4234 ttex019:2001 ttex018:1696 ttex145:1664 ttex037:1651 ttex003:1265,,ok,1,tibet1,1942 869 -176 0 -180,2044 1208 -176 0 -120,
ttex159,ttex159,world,64x64,portals,tulku,37083,1,tibet1:37083,0,0,100,,1,2.6x3.2,0,0,0,,ttex046:357 ttex168:208 ttex044:208,,ok,1,tibet1,-250 -128 -49 -40 0,-250 -128 -49 -40 0,
ttex161,ttex161,world,64x64,portals,tulku,2050992,219,tibet1:1766576 tibet6:284416,97,3,0,,1,2.4x2.9,77,31,129,ttex115:285 ttex162:224 ttex052:112 ttex003:96 ttex019:66 ttex262:32,ttex012:3719 ttex115:3508 ttex016:3076 ttex020:3008 ttex262:2881 ttex003:2247,,ok,1,tibet1,2278 1369 -496 55 0,2265 1260 -414 55 45,
ttex162,ttex162,world,64x64,portals,tulku,12544,1,tibet6:12544,100,0,0,,1,0.88x3.5,44,44,44,ttex161:224 ttex163:224,ttex016:112,,ok,1,tibet6,-2334 1056 206 55 0,-2088 1056 209 40 180,
ttex163,ttex163,world,64x64,portals,tulku,977862,79,tibet6:865212 tibet2:112650,88,0,12,,1,2.8x3,55,1,106,ttex162:224 ttex022:128 ttex053:128,ttex172:3660 ttex098:2057 sky001~6566:1900 ttex039:1312 ttex153:1114 ttex043:1030,,ok,1,tibet6,-2804 106 211 55 0,-2943 106 411 55 0,
ttex164,ttex164,world,64x64,portals,tulku,800512,36,tibet6:800512,46,11,43,door:46 static:28,1,3.5,0,0,0,ttex013:64,ttex146:1888 ttex059:1088 ttex012:768 ttex048:352 ttex001:96 ttex013:32,,ok,1,tibet6,1562 378 -362 55 45,1626 217 -169 55 90,
ttex167,ttex167,world,64x64,portals,tulku,134324,47,tibet1:134324,67,33,0,,1,2.8x0.5,69,35,112,ttex211:605 ttex149:96,ttex168:2409 ttex175:1320 ttex211:1007 ttex220:912 ttex124:825 ttex122:768,,ok,1,tibet1,2529 413 270 55 0,2439 413 399 55 0,
ttex168,ttex168,world,64x64,portals,tulku,2088902,219,tibet3:939928 tibet1:671757 tibet4:477217,64,35,1,,1,3.5x1.8,47,0,106,ttex098:272 ttex218:144,ttex098:8546 ttex018:6601 ttex122:4608 ttex022:2873 ttex167:2409 ttex153:1428,,ok,1,tibet3,-2032 1704 588 34 90,-2031 1575 676 34 90,
ttex170,ttex170,world,64x64,portals,tulku,625765,61,tibet2:625765,7,93,0,,1,2.8x2,44,0,83,ttex153:671 ttex055:140,ttex098:3882 ttex100:3525 sky001~6566:782 ttex112:494 ttex049:257 ttex059:256,,ok,1,tibet2,-686 -2805 926 0 109,-612 -3028 926 0 108,
ttex171,ttex171,world,64x64,portals,tulku,107364,26,tibet1:107364,100,0,0,,1,1.8x2,56,29,135,ttex048:96,ttex218:1152 ttex087:384 ttex168:361 ttex088:252 ttex048:180 ttex098:177,,ok,1,tibet1,1254 -1831 -34 55 135,1109 -1799 63 55 0,
ttex172,ttex172,world,64x64,portals,tulku,976659,77,tibet6:976659,11,89,0,,1,3x1.6,44,0,101,ttex113:4467 ttex042:768 ttex096:256 ttex085:128,ttex113:3741 ttex163:3660 ttex149:3320 ttex100:2087 ttex045:1923 ttex022:1584,,ok,1,tibet6,-12 212 291 -33 -180,67 212 240 -33 -180,
ttex174,ttex174,world,64x64,portals,tulku,271097,23,tibet1:271097,100,0,0,,1,2.5x3.5,70,52,85,,ttex020:1312 ttex218:1152 ttex098:1124 ttex167:367,,ok,1,tibet1,1558 92 302 55 0,1531 92 341 55 0,
ttex175,ttex175,world,64x128,portals,tulku,710401,65,tibet1:710401,100,0,0,,1,2x1.5,65,42,88,,ttex098:3414 ttex153:1467 ttex167:1320 ttex024:242 rpal277:228 ttex230:226,,ok,1,tibet1,-190 -413 72 55 0,-335 -413 278 55 0,
ttex177,ttex177,world,64x64,portals,tulku,8640,12,tibet1:7040 tibet3:1600,0,100,0,,1,0.62,85,59,178,ttex113:560 ttex018:240,ttex113:346 ttex018:330 ttex021:113,,ok,1,tibet1,-552 -77 497 0 -180,-480 -77 497 0 -180,
ttex179,ttex179,world,128x128,portals,tulku,378732,44,tibet7:378732,99,1,0,,1,1.5x1.7,91,23,149,ttex263:120,ttex098:4526 ttex074:1886 ttex032:128 ttex260:48 ttex073:16 ttex263:16,,ok,1,tibet7,1117 69 299 55 0,1090 69 337 55 0,
ttex185,ttex185,world,256x128,portals,tulku,333824,43,tibet6:167936 tibet5:165888,4,93,4,door:71,1,0.38x1,49,0,94,ttex126:640,ttex051:1440 ttex019:896 ttex003:576 ttex053:576 ttex048:576 ttex126:448,,ok,1,tibet6,-608 -1058 14 0 -90,-608 -856 14 0 -90,
ttex188,ttex188,world,64x64,portals,tulku,861914,102,tibet1:815834 tibet2:46080,0,95,5,,1,1.8x2.5,36,12,56,ttex264:3680 ttex227:1600 ttex085:1552 ttex016:240 ttex126:192 +0rtex4:128,ttex087:4052 ttex016:3011 ttex039:2136 ttex096:1920 ttex026:826 ttex126:624,,ok,1,tibet1,1875 96 49 0 0,1875 -176 49 0 60,
ttex192,ttex192,world,128x128,portals,tulku,1668589,407,tibet1:909853 tibet2:396888 tibet7:361848,58,8,34,static:19 breakable:10 mover:0.73,1,1x0.73,35,0,82,#lowlight~ab4c:761,ttex024:7585 #lowlight~ab4c:5136 ttex118:2179 ttex022:1568 ttex098:1428 ttex146:960,,ok,1,tibet1,652 -1701 -274 55 180,787 -1701 -81 55 180,
ttex195,ttex195,world,64x64,,,0,0,,,,,,,,,,,,,,unused,,,,,
ttex198,ttex198,world,64x128,portals,tulku,59630,30,tibet7:59630,0,100,0,,1,0.25x1,45,0,81,,ttex016:4943 ttex054:2511 ttex260:480 ttex087:480,,ok,1,tibet7,581 379 192 -14 -60,515 492 160 -14 -60,
ttex199,ttex199,world,64x128,portals,tulku,1644218,132,tibet2:1133676 tibet7:510542,0,100,0,,1,3.5x1,64,30,97,ttex085:3584 ttex158:1664 ttex373:923 ttex016:456 ttex027:64,ttex016:6145 ttex042:3456 ttex037:3392 ttex027:2080 ttex052:1792 ttex013:1738,,ok,1,tibet2,-3235 -1456 910 0 180,-3000 -1456 910 0 180,
ttex200,ttex200,world,128x64,portals,tulku,31232,3,tibet7:31232,100,0,0,,1,1.1x1.2,94,81,127,ttex020:896 ttex260:384,,,ok,1,tibet7,1990 -1341 9 55 0,1932 -1341 91 55 0,
ttex201,ttex201,world,128x128,portals,tulku,276608,28,tibet1:194688 tibet6:81920,3,94,3,door:59,1,1,64,51,88,ttex012:1536 ttex227:512,ttex140:896 ttex003:512 ttex161:256 ttex012:256 ttex013:192 ttex052:128,,ok,1,tibet1,2752 1058 -583 0 -90,2752 1147 -583 0 -90,
ttex202,ttex202,world,128x128,portals,tulku,17408,1,tibet6:17408,0,100,0,,1,1.1x1,86,86,86,ttex054:256 ttex085:136,ttex005:136,,ok,1,tibet6,942 1248 347 0 -30,818 1319 347 0 -30,
ttex203,ttex203,world,128x128,portals,tulku,59392,4,tibet4:32768 tibet5:26624,0,100,0,,1,0.88x1,56,45,62,ttex126:1088 ttex372:208 ttex117:192,ttex349:208,,ok,1,tibet4,675 219 71 0 0,440 219 71 0 0,
ttex204,ttex204,world,64x128,portals,tulku,17920,2,tibet7:17920,100,0,0,,1,1x1.1,94,93,95,ttex020:816,,,ok,1,tibet7,2286 -1712 9 55 0,2228 -1712 91 55 0,
ttex206,ttex206,world,128x128,portals,tulku,65408,4,tibet3:65408,0,100,0,,1,1x1.7,81,58,108,ttex153:592 ttex098:584 ttex152:128,ttex224:256 ttex098:216 ttex223:80,,ok,1,tibet3,-1069 -883 315 0 0,-1304 -883 315 0 0,
ttex207,ttex207,world,128x128,portals,tulku,293128,24,tibet7:203008 tibet5:49313 tibet8:24424 tibet3:16384,3,97,0,,1,1.2x1,97,68,136,ttex096:1008 ttex031:832 ttex140:320 #lowlight~ab4c:320 ttex016:256 rpal358:16,ttex016:1184 #lowlight~ab4c:960 ttex096:880 ttex126:768 ttex089:647 ttex013:635,,ok,1,tibet7,648 -422 -15 0 -180,682 -422 -15 0 -180,
ttex208,ttex208,world,128x128,portals,tulku,415064,42,tibet3:213934 tibet4:201130,100,0,0,,1,1.1x1,77,44,110,ttex020:2259 ttex223:1408 ttex224:544,ttex098:1499 ttex089:1408 ttex153:1118 ttex096:512 ttex152:240 ttex042:192,,ok,1,tibet3,-1054 -250 281 55 0,-1160 -250 432 55 0,
ttex209,ttex209,world,128x128,portals,tulku,24448,2,tibet1:24448,100,0,0,,1,0.94x1.5,31,31,31,,ttex004:240 ttex227:192 ttex218:176 ttex016:32,,ok,1,tibet1,1015 -1824 -212 55 0,899 -1824 -47 55 0,
ttex210,ttex210,world,64x64,portals,tulku,2232015,390,tibet7:825633 tibet4:735127 tibet6:188876 tibet1:182564 tibet10:168753 tibet8:81114 tibet2:26397 tibet9:23552,11,75,14,static:79 breakable:21,1,1.2x2.1,34,0,100,,,,ok,1,tibet7,1878 -1151 34 0 -105,1898 -1076 34 0 -105,
ttex211,ttex211,world,128x128,portals,tulku,1005862,81,tibet1:880422 tibet4:125440,100,0,0,,1,1.6x1.4,61,0,103,ttex167:605 ttex048:448 ttex224:288,ttex098:3301 ttex018:2160 ttex153:1692 ttex046:1232 ttex167:1007 ttex020:800,,ok,1,tibet1,-519 -71 163 55 0,-547 -71 203 55 0,
ttex212,ttex212,world,32x128,portals,tulku,121984,42,tibet3:29440 tibet8:26624 tibet4:21888 tibet9:18432 tibet7:17408 tibet2:8192,2,97,1,door:17 breakable:15,1,1,64,7,111,ttex018:144 rpal363:128 ttex136:64 rpal317:64,ttex013:1056 ttex126:784 ttex059:512 ttex018:352 rpal308:256 ttex053:256,,ok,1,tibet3,-816 2310 230 0 90,-816 2176 230 0 90,
ttex215,ttex215,world,32x128,portals,tulku,140146,16,tibet2:140146,0,99,1,,2,1,54,0,132,ttex137:277,ttex052:768 ttex100:512 ttex098:442 ttex027:256 ttex247:256 ttex153:128,,ok,1,tibet2,-243 -2806 929 0 0,-512 -2806 929 0 0,
ttex217,ttex217,world,32x32,portals,tulku,12032,8,tibet1:12032,0,100,0,door:43,0.5,5x1,84,48,130,,ttex218:864 ttex048:448 ttex175:32,,ok,1,tibet1,2344 982 20 0 -90,2344 1061 20 0 -90,
ttex218,ttex218,world,32x32,portals,tulku,86512,34,tibet3:56176 tibet1:28544 tibet4:1792,8,91,1,,1,7x1.2,44,33,64,ttex122:1049 ttex018:496 ttex100:224 ttex168:144 ttex020:128 ttex153:72,ttex174:1152 ttex171:1152 ttex100:1043 ttex217:864 ttex089:848 ttex153:545,,ok,1,tibet3,-1520 -955 251 0 -90,-1520 -720 251 0 -90,
ttex220,ttex220,world,32x32,portals,tulku,184593,37,tibet3:141345 tibet1:43248,0,100,0,,1,5.8x1.2,64,37,107,ttex153:1361 ttex122:1067 ttex004:360 ttex018:344 ttex136:284,ttex168:1426 ttex089:1237 sky001~6566:912 ttex167:912 ttex153:786 ttex087:592,,ok,1,tibet3,-1671 1812 64 0 180,-1633 1812 64 0 180,
ttex221,ttex221,world,32x32,portals,tulku,88064,20,tibet3:61440 tibet1:26624,0,100,0,,1,3,50,25,91,,ttex089:960 ttex168:832 ttex088:832 ttex098:384 ttex100:320 ttex087:256,,ok,1,tibet3,-1354 -1013 236 0 -90,-1354 -912 236 0 -90,
ttex222,ttex222,world,32x32,portals,tulku,44288,9,tibet3:32000 tibet4:12288,0,100,0,,1,6x1.2,50,42,62,,ttex100:1320 ttex020:948 ttex048:448 ttex153:88 ttex098:40 ttex122:16,,ok,1,tibet3,-1389 -491 2 0 0,-1624 -491 2 0 0,
ttex223,ttex223,world,64x128,portals,tulku,778307,90,tibet4:526873 tibet3:251434,99,1,0,,1,2.9x1.1,65,29,102,ttex208:1408 ttex224:1064 ttex020:712,ttex042:2211 ttex153:1491 ttex048:1216 ttex098:1154 ttex085:1080 ttex089:922,,ok,1,tibet4,-280 1566 168 55 0,-424 1566 374 55 0,
ttex224,ttex224,world,64x128,portals,tulku,142115,33,tibet3:64937 tibet4:62842 tibet1:14336,99,1,0,,1,0.88x1,90,21,171,ttex003:1776 ttex223:1064 ttex208:544 ttex020:348 ttex211:288 ttex048:264,ttex124:352 ttex020:256 ttex206:256 ttex042:256 ttex018:255 ttex153:224,,ok,1,tibet3,-1597 -1188 108 55 0,-1384 -1052 273 55 -135,
ttex225,ttex225,world,128x128,portals,tulku,69632,12,tibet6:69632,3,95,3,door:69,1,0.88x0.75,14,0,64,,ttex013:608 ttex053:416 ttex050:224,,ok,1,tibet6,352 2 -194 0 90,352 -116 -194 0 90,
ttex226,ttex226,world,128x128,portals,tulku,202496,64,tibet7:149248 tibet4:40960 tibet6:12288,4,92,4,door:100,1,0.5x1,37,0,62,,ttex097:1536 ttex052:576 ttex016:480,,ok,1,tibet7,2008 -1914 -10 0 90,2008 -1967 -10 0 90,
ttex227,ttex227,world,64x64,portals,tulku,1122807,252,tibet6:393427 tibet4:259800 tibet1:109315 tibet3:102989 tibet9:81806 tibet8:54641 tibet5:53246 tibet2:34816 tibet7:32768,1,57,42,door:1.4,1,1x2,61,29,108,ttex107:3351 ttex188:1600 ttex126:832 ttex012:768 rpal308:640 ttex201:512,ttex126:5972 ttex146:4608 ttex228:4172 ttex019:3490 ttex107:1996 ttex012:1664,,ok,1,tibet6,333 -1318 321 -55 45,475 -1293 205 -55 180,
ttex228,ttex228,world,128x128,portals,tulku,180224,42,tibet8:61440 tibet9:53248 tibet5:32768 tibet3:16384 tibet4:16384,36,64,0,door:32,1,1,88,54,124,ttex003:1536 ttex054:1280 ttex349:512 ttex227:256 rpal308:224 ttex005:96,ttex227:4172 ttex053:1340 ttex054:320 ttex048:256 rpal329:64,,ok,1,tibet8,-54 -2016 -50 0 0,-155 -2106 -50 0 30,
ttex229,ttex229,world,128x128,portals,tulku,566336,131,tibet6:166912 tibet3:126656 tibet5:124416 tibet7:79232 tibet4:69120,5,91,5,door:84 mover:8.5,1,0.5x0.94,34,0,79,rpal246:2480 ttex013:32,rpal239:2512 ttex048:1152 ttex052:1104,,ok,1,tibet6,1280 -46 398 0 -90,1280 7 398 0 -90,
ttex230,ttex230,world,128x128,portals,tulku,1498760,190,tibet1:1498760,71,4,25,,1,1,50,13,99,ttex257:214 ttex026:48 ttex024:31 ttex098:21 ttex088:16,ttex024:13843 ttex098:634 ttex161:624 ttex048:601 ttex269:454 ttex270:264,,ok,1,tibet1,3584 -1805 -395 55 0,3555 -1805 -355 55 0,
ttex235,ttex235,world,64x64,,,0,0,,,,,,,,,,,,,,unused,,,,,
ttex236,ttex236,world,64x64,portals,tulku,47984,4,tibet6:47984,50,0,50,,1,2,50,35,67,,ttex089:1280 ttex114:208 ttex126:104,,none,1,,,,
ttex245,ttex245,world,128x128,portals,tulku,249038,22,tibet7:137904 tibet1:69150 tibet4:27648 tibet8:14336,72,6,22,,1,1,138,59,246,ttex016:423,ttex374:4275 ttex087:822 ttex089:730 ttex016:559 ttex053:245 ttex271:192,,ok,1,tibet7,-2227 -1536 -257 55 0,-2304 -1536 -147 55 0,
ttex247,ttex247,world,64x64,portals,tulku,8704,8,tibet2:8704,0,100,0,door:76,0.4x0.5,1.9x1.8,0,0,0,,ttex027:256 ttex215:256 ttex053:244 ttex039:64,,ok,1,tibet2,-2848 -1476 690 0 90,-2848 -1548 690 0 90,
ttex248,ttex248,world,64x64,portals,tulku,1061684,78,tibet1:1061684,0,100,0,,1,3x3.5,48,19,90,,ttex019:2944 ttex016:2482 ttex161:1677 ttex051:1664 ttex249:1241 sky001~6566:448,,ok,1,tibet1,3272 853 -445 -12 -180,3503 853 -492 -12 -180,
ttex249,ttex249,world,64x64,portals,tulku,738522,117,tibet1:537872 tibet9:200650,0,100,0,,1,1.2x1.6,48,13,99,rpal308:2975 ttex016:2853 ttex262:621 ttex051:557 ttex013:506 rpal317:320,rpal332:3039 ttex051:1261 ttex248:1241 ttex161:779 sky001~6566:608 ttex016:504,,ok,1,tibet1,3606 524 -545 0 -90,3606 734 -545 0 -90,
ttex250,ttex250,world,64x64,portals,tulku,83200,28,tibet5:32768 tibet4:16384 tibet8:9216 tibet1:8192 tibet3:8192 tibet7:4352 tibet9:4096,5,94,0,plaque:95,1,1,71,0,100,rpal241:256 ttex088:8 ttex262:8,ttex052:2048 ttex089:1024 ttex013:512 ttex046:256 ttex087:256 ttex088:256,,ok,1,tibet5,448 488 -2 0 -90,388 544 -2 0 -60,
ttex251,ttex251,world,64x64,portals,tulku,12288,3,tibet2:8192 tibet8:4096,67,0,33,button:67,1,1,68,51,82,,ttex037:512 rpal308:256,,ok,1,tibet2,932 -960 925 54 0,905 -960 965 55 0,
ttex255,ttex255,world,128x128,portals,tulku,4121202,538,tibet2:2567463 tibet1:1553739,55,27,18,,2,0.67x0.5,54,4,99,ttex024:734 ttex257:338 ttex227:320 ttex153:8,ttex098:6681 #lowlight~ab4c:4777 ttex256:3467 rpal240:2121 ttex153:1991 ttex024:1725,,ok,1,tibet2,-2599 -2596 714 0 -90,-2599 -2266 714 0 -90,
ttex256,ttex256,world,128x128,portals,tulku,296185,53,tibet1:296185,0,100,0,,1,1x0.81,69,48,88,ttex098:3069 ttex259:177 ttex024:4,ttex255:3467 ttex098:297 ttex259:128 ttex153:80 ttex257:65 ttex024:24,,ok,1,tibet1,1978 -1581 -370 0 86,1975 -1635 -370 0 86,
ttex257,ttex257,world,64x128,portals,tulku,21861,6,tibet1:21861,100,0,0,,1,1x0.88,43,16,63,ttex255:338 ttex230:214,ttex024:128 ttex230:128 ttex256:65 ttex259:65,,ok,1,tibet1,2101 -1312 -396 55 0,2088 -1350 -354 55 45,
ttex258,ttex258,world,64x128,portals,tulku,208444,41,tibet1:208444,0,69,31,,1,2x0.97,30,11,66,ttex024:994 ttex098:668 ttex259:129,ttex098:1968 ttex024:1608 ttex192:315 ttex255:311,,ok,1,tibet1,416 -1861 -191 0 -90,416 -1676 -191 0 -90,
ttex259,ttex259,world,64x128,portals,tulku,15253,3,tibet1:15253,0,100,0,,1,1x0.94,68,63,70,ttex024:233 ttex256:177 ttex258:129,ttex256:128 ttex257:65,,ok,1,tibet1,2159 -1302 -374 0 -173,2243 -1291 -374 0 -173,
ttex260,ttex260,world,64x64,portals,tulku,2344752,387,tibet7:1836768 tibet1:507984,100,0,0,,1,2.4x2,75,37,117,ttex200:384 ttex115:288 ttex054:136 ttex263:120 ttex024:89 ttex003:64,ttex054:8148 ttex003:5072 ttex088:4319 ttex031:3270 ttex115:3043 ttex270:2323,,ok,1,tibet7,749 445 168 55 0,691 445 250 55 0,
ttex261,ttex261,world,64x64,portals,tulku,1664,3,tibet7:1664,0,100,0,,1,3x0.12,0,0,0,ttex140:192 ttex032:16,ttex073:208 ttex250:16 ttex262:16 rpal359:16,,ok,1,tibet7,233 -581 -102 0 -30,233 -581 -102 0 -30,
ttex262,ttex262,world,64x64,portals,tulku,2658550,488,tibet7:1718862 tibet1:830865 tibet5:108823,5,77,18,door:1.1,1,2.1x1.8,49,1,97,ttex126:2308 ttex088:2033 ttex016:1856 ttex142:1245 ttex249:621 ttex269:494,ttex016:19968 ttex269:6989 ttex263:5190 ttex032:2896 ttex161:2881 ttex107:2554,,ok,1,tibet7,-1012 -1697 62 -55 0,-1024 -1799 -16 -55 45,
ttex263,ttex263,world,64x64,portals,tulku,1475175,162,tibet7:1475175,0,34,66,,1,3.1x1.9,47,12,120,ttex179:120 ttex260:120 ttex018:104,ttex016:7461 ttex262:5190 ttex046:4890 ttex114:1912 ttex013:1499 ttex270:1487,,ok,1,tibet7,-2310 -1948 46 -55 0,-2337 -1948 7 -55 0,
ttex264,ttex264,world,64x64,portals,tulku,1982907,159,tibet5:1362816 tibet9:274432 tibet1:191872 tibet7:152763 tibet8:1024,0,9,90,,1,3,63,26,89,ttex188:3680 ttex016:120 ttex018:64 rpal328:64,ttex107:4660 ttex070:3776 ttex126:3722 ttex262:2308 ttex051:2304 ttex089:1456,,ok,1,tibet5,-666 806 137 -55 90,-666 750 57 -55 90,
ttex267,ttex267,world,64x64,portals,tulku,25456,11,tibet10:25456,60,0,40,breakable:45 door:34,1,1.1,60,0,203,,rpal238:2037,,ok,1,tibet10,-1679 1197 1365 55 89,-1679 1156 1424 55 90,
ttex268,ttex268,world,64x64,portals,tulku,7680,3,tibet5:7680,0,100,0,,1,1x0.5,58,43,85,,ttex019:240 ttex003:240 ttex262:64,,ok,1,tibet5,-320 840 -13 0 90,-320 756 -13 0 90,
ttex269,ttex269,world,64x64,portals,tulku,1274343,386,tibet7:1198630 tibet1:71617 tibet9:4096,4,5,91,,1,2.2x1.8,52,8,101,ttex054:936 ttex262:494 ttex270:128 ttex032:16,ttex270:12417 ttex352:8632 ttex262:6989 ttex020:6062 ttex054:4652 ttex017:2957,,ok,1,tibet7,1373 -1691 166 -55 0,1238 -1691 -27 -55 0,
ttex270,ttex270,world,64x64,portals,tulku,593075,241,tibet7:536243 tibet9:32768 tibet1:24064,2,98,0,,1,0.75x1,45,0,97,ttex096:192 ttex269:128 ttex059:128 ttex032:64,ttex269:12417 ttex016:3135 ttex260:2323 ttex263:1487 ttex020:1119 ttex068:837,,ok,1,tibet7,547 712 142 0 -90,547 880 142 0 -90,
ttex271,ttex271,world,64x64,portals,tulku,613768,100,tibet8:613768,6,86,8,breakable:3,1,2x1.9,64,17,139,ttex272:2816,#lowlight~ab4c:5888 ttex069:1664 rpal314:1152 ttex053:293 ttex245:192 ttex272:96,,ok,1,tibet8,-1582 -2338 -594 0 -90,-1365 -2307 -594 0 -150,
ttex272,ttex272,world,64x64,portals,tulku,176640,29,tibet8:176640,0,100,0,,1,3.5x0.62,39,3,71,ttex271:2816,#lowlight~ab4c:9344 rpal308:1152 rpal329:1152 rpal241:608 ttex271:96,,ok,1,tibet8,-1331 -2398 -460 0 90,-1508 -2406 -460 0 30,
ttex275,ttex275,world,128x128,portals,tulku,234080,21,tibet1:234080,0,100,0,door:5.2 button:0.7,1,1x1.5,59,9,97,ttex018:128,ttex016:8549 ttex018:368 ttex020:128,,ok,1,tibet1,3649 154 -556 0 90,3649 73 -556 0 90,
ttex283,ttex283,world,64x64,portals,tulku,21688,5,tibet7:21688,0,100,0,,1,0.64x3.4,12,5,12,ttex352:304,ttex352:864 ttex020:102 ttex269:94 ttex032:32 ttex016:8,,ok,1,tibet7,2641 -1564 56 0 0,2550 -1564 56 0 0,
ttex285,ttex285,world,64x64,portals,tulku,40960,4,tibet2:40960,0,100,0,,1,3x1,255,255,255,,ttex156:640 sky001~6566:640,,ok,1,tibet2,15 -1280 910 0 0,-209 -1280 768 -25 0,
ttex349,ttex349,world,64x64,portals,tulku,3332166,319,tibet5:2604678 tibet9:405504 tibet10:321984,84,11,6,static:12 door:2.2,1,3,66,42,93,ttex003:1792 ttex228:512 ttex385:512 ttex126:272 ttex374:208,ttex126:18305 rpal301:4104 ttex374:2601 ttex013:2378 ttex116:1632 rpal332:1584,,ok,1,tibet5,1757 -317 -101 55 0,1811 -497 79 55 90,
ttex351,ttex351,world,64x64,portals,tulku,329651,97,tibet7:329651,48,15,37,,1,1.8x1.4,32,0,86,,ttex057:15398 rpal308:1274 ttex016:384,,ok,1,tibet7,-2920 3339 102 55 0,-3055 3339 295 55 0,
ttex352,ttex352,world,64x128,portals,tulku,2965188,360,tibet7:2965188,0,99,0,breakable:5 door:0.78,1,1.8x1.1,61,25,104,ttex020:592 ttex283:304 ttex003:288 ttex032:288 ttex054:48,ttex020:14502 ttex269:8632 ttex032:2752 ttex016:2717 ttex019:2543 ttex005:1826,,ok,1,tibet7,1790 -1169 21 0 -120,1837 -1087 21 0 -120,
ttex353,ttex353,world,32x32,portals,tulku,1152,2,tibet2:1152,89,11,0,,1,1,55,0,61,,ttex048:104 ttex022:32,,ok,1,tibet2,276 -3152 777 54 0,268 -3152 789 55 0,
ttex367,ttex367,world,64x128,portals,tulku,17344,3,tibet5:17344,0,100,0,,1,1,49,51,53,,ttex020:896 ttex126:120 ttex372:8,,ok,1,tibet5,1227 522 46 0 60,1214 499 46 0 60,
ttex368,ttex368,world,64x64,portals,tulku,178713,30,tibet5:178713,0,100,0,,1,2x1,60,48,76,ttex126:1766 ttex013:1290,rpal239:1718 ttex264:1258 ttex124:268 ttex126:144,,ok,1,tibet5,1534 1698 260 0 -90,1534 1942 260 0 -90,
ttex369,ttex369,world,64x64,portals,tulku,67584,12,tibet7:67584,0,0,100,,1,3.5x0.75,97,88,104,,ttex016:2816,,ok,1,tibet7,171 67 -2 -55 0,261 -50 -41 -55 90,
ttex371,ttex371,world,64x64,portals,tulku,225445,28,tibet5:219301 tibet10:6144,0,100,0,,1,3.5x1,51,22,66,ttex126:3099 ttex005:288 ttex013:16,ttex051:1927 rpal239:1453 ttex126:337 ttex018:288 ttex124:268 sky001~6566:96,,ok,1,tibet5,1026 417 170 0 -35,833 551 170 0 -35,
ttex372,ttex372,world,128x32,portals,tulku,1177775,368,tibet10:485712 tibet9:335117 tibet5:240210 tibet7:116736,0,99,1,door:4.4 static:2.9 breakable:0.33,1,1.2x1,62,20,107,rpal308:7777 ttex126:6963 ttex022:645 ttex013:400 ttex203:208 rpal328:128,ttex020:15825 ttex005:12910 sky001~6566:7747 rpal239:7725 ttex016:3648 rpal312:3600,,ok,1,tibet10,-2288 1221 1630 0 0,-2338 1221 1630 0 0,
ttex373,ttex373,world,128x32,portals,tulku,559913,186,tibet9:258616 tibet5:205824 tibet2:72177 tibet7:16896 tibet1:6400,5,83,12,mover:0.73,1,1.2x1,60,20,106,ttex126:4128 rpal332:2240 rpal308:2016 ttex138:1424 ttex199:923 sky001~6566:704,ttex126:4000 rpal308:3885 rpal239:3264 ttex048:1888 rpal332:1725 rpal329:1520,,ok,1,tibet9,-42 -208 -562 -55 0,-35 -291 -601 -55 45,
ttex374,ttex374,world,32x16,portals,tulku,169461,135,tibet7:76078 tibet5:75975 tibet9:17408,0,100,0,,1,2.2x1,47,0,95,rpal246:1664 rpal308:1152 ttex142:272 ttex349:208 ttex126:64 ttex019:64,ttex245:4275 ttex349:2601 ttex016:1692 ttex013:1024 ttex003:1024 ttex022:960,,ok,1,tibet7,2344 -1724 -46 0 90,2457 -1730 -46 0 150,
ttex375,ttex375,world,128x128,portals,tulku,114688,7,tibet5:98304 tibet9:16384,0,100,0,mover:14,1,1,54,49,61,,ttex019:3072 rpal308:384 ttex373:128,,ok,1,tibet5,1630 3328 102 0 0,1496 3328 102 0 0,
ttex376,ttex376,world,128x128,portals,tulku,32768,2,tibet5:32768,0,100,0,,1,1,60,59,60,,ttex013:1024,,ok,1,tibet5,1984 886 174 0 90,1984 752 174 0 90,
ttex377,ttex377,world,32x32,portals,tulku,10240,7,tibet2:10240,0,60,40,,1,1,36,0,91,ttex039:256 ttex112:64 ttex227:64,ttex028:256 ttex004:128 ttex100:64 ttex055:64,,ok,1,tibet2,1008 -3600 670 0 -90,1008 -3586 670 0 -90,
ttex378,ttex378,world,64x32,portals,tulku,10240,5,tibet8:6144 tibet5:4096,0,100,0,,1,1,98,71,142,ttex126:384,ttex053:576,,ok,1,tibet8,-460 -832 -210 0 180,-388 -832 -210 0 180,
ttex379,ttex379,world,128x128,portals,tulku,60384,8,tibet5:60384,50,0,50,mover:100,1,0.75x0.8,36,0,105,,ttex013:889,,ok,1,tibet5,1877 568 -105 55 0,1816 568 -17 55 0,
ttex380,ttex380,world,64x64,portals,tulku,1004288,153,tibet10:578764 tibet9:425524,0,88,12,,1,2.5x1,54,12,111,rpal308:7731 rpal312:1795 ttex373:384 ttex042:256 rpal332:64 rpal328:32,rpal308:7193 rpal312:6678 sky001~6566:2065 rpal317:1344 ttex349:1152 ttex005:992,,ok,1,tibet10,-874 -91 -877 0 -90,-678 91 -877 0 -120,
ttex381,ttex381,world,32x32,portals,tulku,8192,8,tibet7:8192,0,100,0,breakable:100,1,1,27,0,68,ttex382:256 ttex052:192,,,ok,1,tibet7,2258 -1304 -10 0 150,2320 -1340 -10 0 150,
ttex382,ttex382,world,32x32,portals,tulku,28672,12,tibet7:28672,0,100,0,breakable:100,1,2x1,29,0,63,ttex052:1024 ttex381:256,,,ok,1,tibet7,1979 -1320 14 0 180,2080 -1320 14 0 180,
ttex384,ttex384,world,32x32,portals,tulku,140307,48,tibet8:114195 tibet9:26112,4,90,6,,1,5.6x1,53,1,94,rpal308:4820 ttex005:224 rpal365:128 rpal363:16,rpal308:1968 rpal334:560 ttex005:320 ttex134:310 rpal317:128 rpal332:64,,ok,1,tibet8,-267 40 62 0 180,-85 236 62 0 -150,
ttex385,ttex385,world,128x128,portals,tulku,49152,11,tibet9:32768 tibet5:16384,67,0,33,door:50 mover:17,1,0.5x1,68,50,90,ttex349:512,ttex020:1024 rpal318:256,,ok,1,tibet9,-835 320 271 55 0,-887 320 345 55 0,
ttex386,ttex386,world,16x64,portals,tulku,64329,44,tibet7:53343 tibet9:10986,1,98,1,door:81 breakable:13,2,1.1x3.5,5,0,19,ttex136:16,rpal332:64 ttex021:52 ttex136:36 ttex006:33,,ok,1,tibet9,-756 296 114 0 -90,-756 368 114 0 -90,
ttex387,ttex387,world,128x128,portals,tulku,57952,7,tibet10:42848 tibet8:15104,0,98,2,breakable:51,1,0.92x0.88,69,0,119,ttex388:492 rpal308:224 rpal292:32,rpal312:224 rpal332:118 rpal329:118,,ok,1,tibet10,-821 669 -1074 0 90,-821 546 -1074 0 90,
ttex388,ttex388,world,128x128,portals,tulku,42368,8,tibet10:33872 tibet8:8496,2,98,0,breakable:55,1,0.94x0.69,70,0,148,ttex387:492 rpal308:262,rpal312:294,,ok,1,tibet10,-821 669 -974 0 90,-821 546 -974 0 90,
ttex389,ttex389,world,128x128,portals,tulku,61184,7,tibet10:44800 tibet8:16384,0,98,2,breakable:51,1,1x0.88,63,0,119,ttex390:528 rpal308:256,rpal312:208 rpal332:128 rpal310:128,,ok,1,tibet10,-552 662 -1078 0 90,-552 528 -1078 0 90,
ttex390,ttex390,world,128x128,portals,tulku,46464,7,tibet10:37248 tibet8:9216,2,98,0,breakable:54,1,1x0.69,71,0,148,ttex389:528 rpal308:240 rpal292:32,rpal312:320,,ok,1,tibet10,-552 662 -978 0 90,-552 528 -978 0 90,
ttex391,ttex391,world,128x128,portals,tulku,94784,9,tibet10:48960 tibet9:30720 tibet8:15104,0,99,1,breakable:36 door:32,1,0.94x1,60,0,123,ttex392:733 rpal308:256,rpal312:256 ttex020:240 rpal332:119 rpal329:118,,ok,1,tibet10,-284 662 -1066 0 90,-284 528 -1066 0 90,
ttex392,ttex392,world,128x128,portals,tulku,51816,9,tibet10:27960 tibet9:15360 tibet8:8496,2,98,0,breakable:37 door:30,1,0.94x0.56,53,0,147,ttex391:733 rpal308:262,rpal312:263 rpal308:240,,ok,1,tibet10,-284 669 -966 0 90,-284 544 -966 0 90,
